f_GHz,S11_dB,S21_dB,S12_dB,S22_dB
1.0,-16.473819312162846,-0.19371559852026676,-0.19367699570461636,-16.476479875107707
1.001,-16.46152051806193,-0.19409573008999936,-0.1940570445109906,-16.464176972693583
1.002,-16.44923071253182,-0.1944763487797161,-0.19443758375773046,-16.45188308269079
1.003,-16.43694989793162,-0.1948574559280539,-0.19481861476271017,-16.43959820726596
1.004,-16.42467807658806,-0.19523905286943752,-0.1952001388396265,-16.427322348554526
1.005,-16.412415250795547,-0.1956211409340613,-0.19558215729801334,-16.41505550866089
1.006,-16.400161422816275,-0.19600372144789313,-0.19596467144321103,-16.40279768965842
1.007,-16.387916594880323,-0.19638679573267318,-0.19634768257637786,-16.390548893589607
1.008,-16.37568076918573,-0.1967703651058918,-0.19673119199447806,-16.378309122466106
1.009,-16.363453947898606,-0.19715443088079748,-0.19711520099027463,-16.36607837826886
1.01,-16.3512361331532,-0.1975389943663864,-0.19749971085232532,-16.353856662948136
1.011,-16.339027327052015,-0.19792405686739467,-0.1978847228649752,-16.341643978423683
1.012,-16.32682753166588,-0.19830961968428995,-0.19827023830835178,-16.32944032658473
1.013,-16.31463674903407,-0.19869568411327126,-0.19865625845836066,-16.317245709290173
1.014,-16.30245498116435,-0.19908225144626385,-0.19904278458667457,-16.30506012836857
1.015,-16.29028223003312,-0.19946932297090608,-0.19942981796072795,-16.29288358561829
1.016,-16.27811849758548,-0.1998568999705453,-0.19981735984372095,-16.280716082807565
1.017,-16.265963785735327,-0.2002449837242394,-0.2002054114946002,-16.2685576216746
1.018,-16.253818096365432,-0.20063357550674193,-0.20059397416806066,-16.256408203927645
1.019,-16.241681431327557,-0.20102267658849882,-0.20098304911453838,-16.244267831245086
1.02,-16.229553792442537,-0.20141228823564702,-0.20137263758020235,-16.23213650527554
1.021,-16.217435181500374,-0.20180241171000363,-0.2017627408069524,-16.22001422763794
1.022,-16.205325600260313,-0.20219304826906032,-0.20215336003241074,-16.207900999921605
1.023,-16.193225050450973,-0.20258419916597853,-0.20254449648991812,-16.19579682368635
1.024,-16.181133533770385,-0.20297586564958395,-0.20293615140852625,-16.183701700462564
1.025,-16.169051051886147,-0.2033680489643654,-0.20332832601299095,-16.171615631751305
1.026,-16.156977606435458,-0.20376075035045574,-0.2037210215237717,-16.15953861902436
1.027,-16.144913199025257,-0.20415397104364244,-0.20411423915702043,-16.147470663724388
1.028,-16.132857831232275,-0.20454771227534957,-0.20450798012457946,-16.135411767264934
1.029,-16.12081150460317,-0.2049419752726413,-0.20490224563397513,-16.123361931030594
1.03,-16.108774220654585,-0.20533676125820907,-0.20529703688840867,-16.111321156377038
1.031,-16.096745980873262,-0.20573207145036793,-0.2056923550867558,-16.099289444631147
1.032,-16.084726786716125,-0.20612790706305256,-0.20608820142355877,-16.087266797091065
1.033,-16.07271663961037,-0.20652426930581394,-0.20648457708902085,-16.075253215026308
1.034,-16.060715540953577,-0.20692115938380526,-0.20688148326900122,-16.063248699677843
1.035,-16.04872349211378,-0.20731857849778734,-0.20727892114500773,-16.05125325225818
1.036,-16.036740494429573,-0.2077165278441136,-0.2076768918941986,-16.039266873951465
1.037,-16.024766549210202,-0.20811500861473486,-0.20807539668936115,-16.02728956591357
1.038,-16.012801657735654,-0.2085140219971789,-0.20847443669892557,-16.015321329272147
1.039,-16.000845821256753,-0.20891356917456133,-0.2088740130869487,-16.003362165126777
1.04,-15.988899040995259,-0.20931365132556912,-0.2092741270131076,-15.991412074549006
1.041,-15.976961318143958,-0.2097142696244606,-0.20967477963270045,-15.979471058582458
1.042,-15.96503265386674,-0.21011542524105806,-0.21007597209663326,-15.967539118242923
1.043,-15.953113049298722,-0.21051711934074127,-0.21047770555142634,-15.955616254518443
1.044,-15.941202505546318,-0.21091935308444748,-0.21087998113919643,-15.943702468369397
1.045,-15.929301023687348,-0.21132212762865699,-0.21128279999765895,-15.931797760728589
1.046,-15.917408604771115,-0.2117254441253998,-0.21168616326011913,-15.91990213250135
1.047,-15.905525249818515,-0.21212930372223743,-0.21209007205547237,-15.908015584565614
1.048,-15.893650959822128,-0.21253370756226755,-0.21249452750819106,-15.896138117772015
1.049,-15.881785735746304,-0.21293865678411264,-0.2128995307383234,-15.884269732943963
1.05,-15.869929578527257,-0.21334415252192368,-0.21330508286149283,-15.87241043087775
1.051,-15.858082489073178,-0.2137501959053638,-0.21371118498888586,-15.860560212342637
1.052,-15.846244468264297,-0.2141567880596071,-0.21411783822724578,-15.84871907808093
1.053,-15.834415516953008,-0.2145639301053392,-0.21452504367888026,-15.836887028808079
1.054,-15.82259563596395,-0.21497162315874577,-0.214932802441638,-15.825064065212766
1.055,-15.810784826094096,-0.21537986833150752,-0.21534111560891941,-15.813250187957005
1.056,-15.798983088112852,-0.21578866673079858,-0.21574998426966238,-15.801445397676208
1.057,-15.787190422762166,-0.21619801945928122,-0.2161594095083437,-15.7896496949793
1.058,-15.77540683075659,-0.21660792761509753,-0.21656939240496584,-15.777863080448785
1.059,-15.763632312783402,-0.21701839229186806,-0.21697993403506075,-15.766085554640865
1.06,-15.751866869502695,-0.21742941457868442,-0.21739103546968208,-15.754317118085492
1.061,-15.740110501547468,-0.21784099556010492,-0.21780269777539535,-15.742557771286494
1.062,-15.728363209523717,-0.21825313631615317,-0.21821492201427606,-15.730807514721645
1.063,-15.71662499401054,-0.21866583792230487,-0.21862770924391267,-15.71906634884276
1.064,-15.70489585556021,-0.2190791014494941,-0.21904106051739303,-15.707334274075786
1.065,-15.693175794698316,-0.2194929279641002,-0.21945497688329418,-15.69561129082089
1.066,-15.68146481192379,-0.21990731852794332,-0.21986945938569566,-15.683897399452547
1.067,-15.669762907709075,-0.220322274198286,-0.22028450906415747,-15.672192600319638
1.068,-15.658070082500155,-0.22073779602781968,-0.22070012695372332,-15.660496893745536
1.069,-15.646386336716702,-0.22115388506466852,-0.22111631408491556,-15.6488102800282
1.07,-15.634711670752125,-0.22157054235237866,-0.22153307148373047,-15.637132759440247
1.071,-15.623046084973716,-0.22198776892992006,-0.22195040017162804,-15.625464332229072
1.072,-15.611389579722687,-0.2224055658316701,-0.22236830116553952,-15.613804998616915
1.073,-15.599742155314331,-0.2228239340874169,-0.22278677547784886,-15.602154758800973
1.074,-15.588103812038048,-0.2232428747223641,-0.22320582411639744,-15.590513612953458
1.075,-15.576474550157496,-0.22366238875710434,-0.22362544808447762,-15.578881561221728
1.076,-15.564854369910652,-0.22408247720763685,-0.22404564838082514,-15.567258603728341
1.077,-15.553243271509931,-0.22450314108534297,-0.22446642599961886,-15.555644740571175
1.078,-15.54164125514226,-0.22492438139699877,-0.2248877819304712,-15.544039971823498
1.079,-15.530048320969193,-0.22534619914476042,-0.22530971715843273,-15.532444297534074
1.08,-15.51846446912699,-0.22576859532616292,-0.22573223266397477,-15.520857717727235
1.081,-15.506889699726722,-0.22619157093411754,-0.22615532942299868,-15.509280232402995
1.082,-15.495324012854361,-0.2266151269568994,-0.2265790084068167,-15.497711841537132
1.083,-15.48376740857089,-0.2270392643781568,-0.2270032705821623,-15.486152545081268
1.084,-15.472219886912375,-0.227463984176894,-0.22742811691117865,-15.474602342962974
1.085,-15.460681447890082,-0.22788928732747266,-0.2278535483514134,-15.463061235085856
1.086,-15.449152091490554,-0.2283151747996071,-0.22827956585581277,-15.451529221329645
1.087,-15.437631817675726,-0.2287416475583613,-0.22870617037272642,-15.440006301550298
1.088,-15.426120626383007,-0.2291687065641388,-0.2291333628458948,-15.428492475580068
1.089,-15.414618517525383,-0.22959635277268764,-0.2295611442144456,-15.416987743227626
1.09,-15.403125490991503,-0.23002458713509058,-0.22998951541289434,-15.405492104278109
1.091,-15.391641546645795,-0.23045341059775587,-0.23041847737113474,-15.394005558493273
1.092,-15.380166684328536,-0.23088282410242636,-0.23084803101443835,-15.382528105611517
1.093,-15.368700903855963,-0.23131282858616425,-0.23127817726344585,-15.371059745348028
1.094,-15.357244205020375,-0.23174342498135134,-0.23170891703417357,-15.359600477394839
1.095,-15.345796587590215,-0.23217461421568175,-0.2321402512379951,-15.348150301420937
1.096,-15.334358051310168,-0.2326063972121631,-0.23257218078164543,-15.336709217072356
1.097,-15.322928595901264,-0.23303877488910824,-0.23300470656721983,-15.325277223972254
1.098,-15.311508221060976,-0.23347174816013622,-0.23343782949216077,-15.313854321721017
1.099,-15.30009692646331,-0.23390531793415742,-0.2338715504492639,-15.302440509896353
1.1,-15.288694711758888,-0.23433948511538327,-0.234305870326665,-15.291035788053371
1.101,-15.277301576575077,-0.23477425060331525,-0.23474079000783987,-15.279640155724692
1.102,-15.265917520516057,-0.2352096152927359,-0.2351763103716033,-15.268253612420512
1.103,-15.254542543162927,-0.2356455800737195,-0.2356124322921038,-15.25687615762873
1.104,-15.243176644073802,-0.23608214583161327,-0.23604915663881496,-15.245507790815003
1.105,-15.231819822783915,-0.23651931344704102,-0.23648648427653668,-15.234148511422877
1.106,-15.220472078805692,-0.23695708379589733,-0.23692441606539186,-15.222798318873835
1.107,-15.209133411628876,-0.237395457749347,-0.23736295286081846,-15.211457212567431
1.108,-15.197803820720605,-0.23783443617381553,-0.2378020955135673,-15.200125191881359
1.109,-15.186483305525513,-0.2382740199309904,-0.23824184486970099,-15.188802256171543
1.11,-15.175171865465826,-0.23871420987781639,-0.2386822017705896,-15.177488404772237
1.111,-15.163869499941462,-0.23915500686648822,-0.23912316705290304,-15.166183636996127
1.112,-15.152576208330125,-0.23959641174445057,-0.2395647415486093,-15.154887952134395
1.113,-15.141291989987398,-0.24003842535439568,-0.24000692608497384,-15.143601349456844
1.114,-15.130016844246843,-0.2404810485342547,-0.24044972148455498,-15.132323828211959
1.115,-15.118750770420098,-0.24092428211719782,-0.2408931285651953,-15.12105538762703
1.116,-15.10749376779697,-0.24136812693162985,-0.24133714814002194,-15.109796026908215
1.117,-15.09624583564554,-0.24181258380118842,-0.24178178101744774,-15.098545745240662
1.118,-15.085006973212247,-0.2422576535447364,-0.24222702800115797,-15.087304541788566
1.119,-15.073777179721988,-0.24270333697635924,-0.24267288989011346,-15.0760724156953
1.12,-15.062556454378228,-0.24314963490536906,-0.24311936747854676,-15.064849366083477
1.121,-15.051344796363079,-0.24359654813628923,-0.24356646155595274,-15.053635392055051
1.1219999999999999,-15.040142204837403,-0.2440440774688577,-0.2440141729070987,-15.04243049269143
1.123,-15.028948678940905,-0.2444922236980251,-0.24446250231200184,-15.031234667053523
1.124,-15.01776421779224,-0.244940987613947,-0.24491145054594637,-15.020047914181887
1.125,-15.006588820489101,-0.2453903700019846,-0.24536101837945998,-15.008870233096772
1.126,-14.995422486108316,-0.24584037164269457,-0.2458112065783271,-14.99770162279825
1.127,-14.984265213705948,-0.24629099331183746,-0.24626201590357893,-14.986542082266272
1.1280000000000001,-14.97311700231738,-0.24674223578036025,-0.24671344711148627,-14.975391610460804
1.129,-14.961977850957435,-0.24719409981440718,-0.24716550095356613,-14.964250206321877
1.13,-14.950847758620453,-0.24764658617530433,-0.24761817817656548,-14.953117868769702
1.131,-14.939726724280382,-0.24809969561956474,-0.24807147952247233,-14.941994596704756
1.1320000000000001,-14.928614746890897,-0.2485534288988797,-0.24852540572850104,-14.93088038900789
1.133,-14.917511825385494,-0.249007786760124,-0.24897995752709343,-14.919775244540393
1.134,-14.906417958677547,-0.24946276994533526,-0.24943513564592018,-14.908679162144107
1.135,-14.895333145660466,-0.2499183791917378,-0.2498909408078691,-14.897592140641509
1.1360000000000001,-14.884257385207745,-0.25037461523171334,-0.25034737373105015,-14.88651417883581
1.137,-14.873190676173078,-0.25083147879281115,-0.2508044351287828,-14.875445275511048
1.138,-14.862133017390466,-0.2512889705977428,-0.2512621257096044,-14.864385429432172
1.139,-14.85108440767428,-0.251747091364383,-0.25172044617726,-14.853334639345132
1.1400000000000001,-14.840044845819387,-0.2522058418057583,-0.2521793972306991,-14.842292903976993
1.141,-14.82901433060125,-0.2526652226300476,-0.2526389795640802,-14.831260222036013
1.142,-14.817992860775995,-0.25312523454058533,-0.2530991938667536,-14.820236592211728
1.143,-14.806980435080526,-0.25358587823585144,-0.2535600408232763,-14.809222013175056
1.1440000000000001,-14.795977052232628,-0.25404715440946574,-0.25402152111339116,-14.798216483578381
1.145,-14.784982710931054,-0.25450906375019794,-0.2544836354120402,-14.787220002055669
1.146,-14.773997409855621,-0.2549716069419491,-0.25494638438935063,-14.776232567222529
1.147,-14.7630211476673,-0.25543478466376146,-0.2554097687106383,-14.765254177676308
1.148,-14.752053923008337,-0.25589859758980776,-0.2558737890363984,-14.754284831996216
1.149,-14.741095734502315,-0.2563630463893955,-0.25633844602231515,-14.743324528743386
1.15,-14.730146580754278,-0.2568281317269528,-0.25680374031923847,-14.732373266460986
1.151,-14.719206460350819,-0.2572938542620388,-0.25726967257320354,-14.721431043674283
1.152,-14.708275371860163,-0.25776021464933474,-0.25773624342541557,-14.71049785889078
1.153,-14.697353313832284,-0.25822721353863887,-0.25820345351224716,-14.699573710600266
1.154,-14.686440284798994,-0.25869485157487004,-0.2586713034652424,-14.68865859727494
1.155,-14.675536283274027,-0.2591631293980563,-0.25913979391110503,-14.677752517369477
1.156,-14.66464130775315,-0.2596320476433433,-0.2596089254717052,-14.666855469321145
1.157,-14.653755356714257,-0.26010160694098144,-0.2600786987640733,-14.655967451549872
1.158,-14.642878428617461,-0.2605718079163347,-0.2605491144003912,-14.645088462458364
1.159,-14.632010521905183,-0.261042651189863,-0.26102017298800007,-14.634218500432182
1.16,-14.621151635002272,-0.2615141373771352,-0.26149187512939204,-14.62335756383984
1.161,-14.610301766316066,-0.26198626708881606,-0.26196422142220943,-14.612505651032881
1.162,-14.599460914236523,-0.26245904093066663,-0.26243721245923896,-14.601662760346002
1.163,-14.588629077136297,-0.26293245950354693,-0.2629108488284154,-14.590828890097121
1.164,-14.57780625337083,-0.2634065234034032,-0.26338513111281525,-14.580004038587472
1.165,-14.566992441278462,-0.2638812332212791,-0.26386005989065525,-14.569188204101701
1.166,-14.556187639180527,-0.26435658954329455,-0.26433563573528474,-14.558381384907968
1.167,-14.545391845381424,-0.26483259295066774,-0.2648118592151976,-14.547583579258013
1.168,-14.534605058168752,-0.26530924401969047,-0.26528873089401545,-14.536794785387281
1.169,-14.523827275813366,-0.26578654332173873,-0.26576625133048837,-14.526015001514986
1.17,-14.513058496569506,-0.26626449142326725,-0.2662444210785002,-14.51524422584422
1.171,-14.502298718674867,-0.26674308888580606,-0.26672324068705766,-14.504482456562041
1.172,-14.491547940350713,-0.2672223362659578,-0.26720271070029683,-14.493729691839555
1.173,-14.480806159801954,-0.2677022341154016,-0.2676828316574679,-14.482985929832026
1.174,-14.470073375217268,-0.26818278298088016,-0.2681636040929466,-14.472251168678959
1.175,-14.459349584769164,-0.26866398340421255,-0.2686450285362236,-14.46152540650418
1.176,-14.44863478661411,-0.26914583592227154,-0.269127105511911,-14.45080864141595
1.177,-14.43792897889259,-0.26962834106700523,-0.26960983553972595,-14.440100871507049
1.178,-14.427232159729243,-0.2701114993654144,-0.27009321913450324,-14.429402094854849
1.179,-14.416544327232927,-0.2705953113395621,-0.2705772568061863,-14.418712309521439
1.18,-14.405865479496828,-0.27107977750657186,-0.2710619490598243,-14.40803151355369
1.181,-14.395195614598538,-0.2715648983786206,-0.2715472963955739,-14.397359704983355
1.182,-14.384534730600183,-0.2720506744629355,-0.2720332993086947,-14.38669688182717
1.183,-14.373882825548472,-0.2725371062618042,-0.27251995828954945,-14.376043042086923
1.184,-14.363239897474838,-0.27302419427255237,-0.2730072738235997,-14.365398183749576
1.185,-14.352605944395505,-0.27351193898756293,-0.2734952463914022,-14.354762304787325
1.186,-14.341980964311592,-0.27400034089425795,-0.27398387646861744,-14.344135403157717
1.187,-14.331364955209198,-0.2744894004751144,-0.2744731645259908,-14.333517476803726
1.188,-14.320757915059515,-0.2749791182076372,-0.27496311102936916,-14.322908523653851
1.189,-14.3101598418189,-0.2754694945643843,-0.2754537164396835,-14.312308541622198
1.19,-14.299570733428995,-0.2759605300129482,-0.27594498121295985,-14.301717528608592
1.191,-14.28899058781679,-0.2764522250159571,-0.2764369058003062,-14.291135482498639
1.192,-14.278419402894755,-0.27694458003107686,-0.2769294906479184,-14.280562401163849
1.193,-14.267857176560897,-0.27743759551100267,-0.27742273619707614,-14.26999828246169
1.194,-14.25730390669888,-0.2779312719034741,-0.2779166428841457,-14.259443124235727
1.195,-14.246759591178105,-0.27842560965124596,-0.2784112111405649,-14.248896924315662
1.196,-14.236224227853818,-0.278920609192111,-0.2789064413928589,-14.238359680517451
1.197,-14.225697814567189,-0.279416270958891,-0.27940233406262743,-14.227831390643406
1.198,-14.215180349145411,-0.2799125953794276,-0.27989888956654596,-14.21731205248226
1.199,-14.204671829401798,-0.2804095828765929,-0.2803961083163663,-14.20680166380927
1.2,-14.194172253135878,-0.2809072338682767,-0.2808939907189118,-14.196300222386313
1.201,-14.18368161813348,-0.281405548767396,-0.2813925371760779,-14.185807725961961
1.202,-14.173199922166837,-0.281904527981881,-0.28189174808482914,-14.175324172271592
1.203,-14.162727162994667,-0.2824041719146879,-0.28239162383719985,-14.16484955903746
1.204,-14.152263338362282,-0.2829044809637858,-0.28289216482029333,-14.154383883968798
1.205,-14.141808446001662,-0.28340545552215923,-0.2833933714162749,-14.143927144761907
1.206,-14.13136248363158,-0.28390709597780944,-0.2838952440023768,-14.13347933910024
1.207,-14.120925448957651,-0.28440940271375176,-0.28439778295089396,-14.123040464654498
1.208,-14.110497339672461,-0.28491237610801146,-0.28490098862918767,-14.112610519082713
1.209,-14.100078153455652,-0.28541601653362497,-0.2854048613996704,-14.10218950003035
1.21,-14.089667887973995,-0.285920324358639,-0.2859094016198229,-14.09177740513039
1.211,-14.079266540881516,-0.286425299946107,-0.2864146096421807,-14.081374232003407
1.212,-14.068874109819557,-0.2869309436540943,-0.2869204858143356,-14.07097997825769
1.213,-14.05849059241689,-0.2874372558356643,-0.28742703047893825,-14.060594641489288
1.214,-14.0481159862898,-0.28794423683889225,-0.2879342439736913,-14.050218219282147
1.215,-14.037750289042176,-0.28845188700685154,-0.28844212663135105,-14.039850709208164
1.216,-14.027393498265614,-0.2889602066776241,-0.2889506787797259,-14.029492108827288
1.217,-14.017045611539494,-0.28946919618428874,-0.2894599007416794,-14.019142415687618
1.218,-14.006706626431082,-0.2899788558549258,-0.28996979283512336,-14.00880162732548
1.219,-13.996376540495625,-0.29048918601261814,-0.2904803553730155,-13.998469741265511
1.22,-13.986055351276436,-0.29100018697544194,-0.29099158866336605,-13.98814675502078
1.221,-13.975743056304974,-0.29151185905647603,-0.2915034930092328,-13.977832666092828
1.222,-13.965439653100976,-0.2920242025637889,-0.2920160687087165,-13.967527471971806
1.223,-13.955145139172494,-0.2925372178004565,-0.29252931605496774,-13.957231170136522
1.224,-13.94485951201603,-0.29305090506453746,-0.2930432353361776,-13.946943758054555
1.225,-13.93458276911661,-0.2935652646490904,-0.29355782683558346,-13.936665233182342
1.226,-13.924314907947874,-0.2940802968421671,-0.29407309083146543,-13.92639559296526
1.227,-13.914055925972168,-0.2945960019268086,-0.29458902759714245,-13.9161348348377
1.228,-13.903805820640642,-0.2951123801810497,-0.2951056374009805,-13.905882956223195
1.229,-13.893564589393332,-0.2956294318779163,-0.2956229205063807,-13.895639954534463
1.23,-13.883332229659256,-0.29614715728542385,-0.29614087717178583,-13.885405827173527
1.231,-13.873108738856498,-0.2966655566665741,-0.2966595076506797,-13.875180571531786
1.232,-13.862894114392319,-0.2971846302793636,-0.29717881219157954,-13.864964184990118
1.233,-13.852688353663208,-0.2977043783767717,-0.29769879103804575,-13.854756664918943
1.234,-13.842491454055022,-0.2982248012067675,-0.2982194444286693,-13.844558008678337
1.235,-13.83230341294303,-0.2987458990123014,-0.2987407725970819,-13.834368213618104
1.236,-13.822124227692036,-0.29926767203132093,-0.29926277577195404,-13.824187277077872
1.237,-13.811953895656455,-0.2997901204967479,-0.2997854541769841,-13.814015196387167
1.238,-13.801792414180396,-0.30031324463649467,-0.3003088080309064,-13.803851968865517
1.239,-13.79163978059777,-0.3008370446734561,-0.3008328375474909,-13.79369759182252
1.24,-13.781495992232365,-0.30136152082551376,-0.3013575429355453,-13.783552062557959
1.241,-13.771361046397935,-0.30188667330553004,-0.301882924398902,-13.773415378361857
1.242,-13.76123494039831,-0.30241250232135203,-0.30240898213642997,-13.763287536514584
1.2429999999999999,-13.751117671527451,-0.30293900807580304,-0.3029357163420336,-13.753168534286939
1.244,-13.741009237069568,-0.3034661907667021,-0.30346312720464197,-13.743058368940224
1.245,-13.7309096342992,-0.3039940505868378,-0.30399121490821923,-13.732957037726358
1.246,-13.720818860481291,-0.30452258772398344,-0.3045199796317611,-13.722864537887943
1.2469999999999999,-13.710736912871305,-0.305051802360896,-0.3050494215492934,-13.712780866658347
1.248,-13.700663788715282,-0.30558169467531043,-0.3055795408298718,-13.702706021261795
1.249,-13.690599485249956,-0.3061122648399464,-0.3061103376375813,-13.692639998913464
1.25,-13.680543999702834,-0.30664351302249765,-0.30664181213153463,-13.682582796819565
1.251,-13.670497329292267,-0.3071754393856458,-0.3071739644658822,-13.672534412177411
1.252,-13.660459471227561,-0.3077080440870435,-0.3077067947897932,-13.662494842175526
1.2530000000000001,-13.650430422709052,-0.3082413272793314,-0.3082403032474733,-13.652464083993719
1.254,-13.640410180928201,-0.30877528911012236,-0.30877448997815243,-13.64244213480317
1.255,-13.630398743067676,-0.3093099297220161,-0.309309355116091,-13.632428991766519
1.256,-13.620396106301433,-0.3098452492525856,-0.30984489879058036,-13.62242465203794
1.2570000000000001,-13.610402267794829,-0.3103812478343889,-0.3103811211259367,-13.612429112763243
1.258,-13.600417224704671,-0.3109179255949563,-0.3109180222415052,-13.602442371079945
1.259,-13.590440974179339,-0.3114552826568038,-0.31145560225166175,-13.59246442411736
1.26,-13.580473513358847,-0.31199331913742395,-0.3119938612658083,-13.58249526899667
1.2610000000000001,-13.570514839374944,-0.3125320351492861,-0.3125327993883775,-13.57253490283104
1.262,-13.5605649493512,-0.31307143079984284,-0.3130724167188271,-13.56258332272568
1.263,-13.550623840403077,-0.31361150619152467,-0.3136127133516464,-13.55264052577792
1.264,-13.540691509638032,-0.3141522614217423,-0.3141536893763508,-13.542706509077313
1.2650000000000001,-13.530767954155605,-0.314693696582884,-0.31469534487748535,-13.532781269705715
1.266,-13.520853171047484,-0.3152358117623165,-0.3152376799346259,-13.52286480473737
1.267,-13.510947157397615,-0.3157786070423949,-0.3157806946223719,-13.512957111238975
1.268,-13.501049910282264,-0.31632208250044264,-0.3163243890103579,-13.503058186269785
1.2690000000000001,-13.491161426770127,-0.3168662382087744,-0.3168687631632445,-13.493168026881685
1.27,-13.481281703922395,-0.317411074234675,-0.31741381714071937,-13.483286630119284
1.271,-13.471410738792853,-0.3179565906404187,-0.3179595509975053,-13.473413993019982
1.272,-13.46154852842795,-0.31850278748325633,-0.3185059647833509,-13.463550112614058
1.2730000000000001,-13.451695069866902,-0.31904966481542313,-0.3190530585430378,-13.453694985924763
1.274,-13.441850360141762,-0.31959722268413093,-0.31960083231637615,-13.443848609968391
1.275,-13.432014396277513,-0.3201454611315786,-0.32014928613820726,-13.434010981754362
1.276,-13.42218717529213,-0.3206943801949475,-0.3206984200384047,-13.424182098285309
1.2770000000000001,-13.412368694196715,-0.32124397990639775,-0.3212482340418727,-13.414361956557162
1.278,-13.402558949995525,-0.3217942602930779,-0.3217987281685488,-13.404550553559215
1.279,-13.392757939686087,-0.32234522137711674,-0.3223499024334022,-13.394747886274223
1.28,-13.382965660259261,-0.3228968631756295,-0.3229017568464329,-13.38495395167848
1.2810000000000001,-13.373182108699355,-0.32344918570071346,-0.3234542914126793,-13.375168746741892
1.282,-13.36340728198418,-0.32400218895945476,-0.3240075061322105,-13.365392268428074
1.283,-13.353641177085143,-0.32455587295392285,-0.32456140100012687,-13.355624513694412
1.284,-13.343883790967318,-0.3251102376811743,-0.325115976006575,-13.345865479492156
1.2850000000000001,-13.334135120589561,-0.32566528313325466,-0.32567123113672247,-13.336115162766497
1.286,-13.324395162904551,-0.3262210092971938,-0.32622716637078103,-13.326373560456656
1.287,-13.314663914858905,-0.32677741615501377,-0.32678378168400196,-13.316640669495943
1.288,-13.304941373393238,-0.32733450368372374,-0.3273410770466684,-13.306916486811852
1.289,-13.295227535442255,-0.3278922718553209,-0.3278990524241059,-13.297201009326155
1.29,-13.28552239793484,-0.3284507206367951,-0.32845770777667316,-13.287494233954948
1.291,-13.275825957794122,-0.3290098499901289,-0.32901704305977325,-13.277796157608755
1.292,-13.266138211937564,-0.32956965987229403,-0.3295770582238502,-13.268106777192601
1.293,-13.256459157277046,-0.33013015023525555,-0.3301377532143846,-13.258426089606093
1.294,-13.246788790718941,-0.33069132102597365,-0.33069912797190504,-13.24875409174349
1.295,-13.237127109164202,-0.33125317218640316,-0.3312611824319771,-13.2390907804938
1.296,-13.227474109508437,-0.33181570365349045,-0.3318239165252109,-13.229436152740838
1.297,-13.21782978864199,-0.3323789153591825,-0.3323873301772665,-13.219790205363322
1.298,-13.208194143450028,-0.33294280723042435,-0.33295142330884075,-13.21015293523493
1.299,-13.198567170812607,-0.333507379189153,-0.33351619583568504,-13.200524339224417
1.3,-13.188948867604767,-0.3340726311523091,-0.3340816476685933,-13.19090441419564
1.301,-13.179339230696607,-0.33463856303183703,-0.33464777871340357,-13.181293157007678
1.302,-13.169738256953352,-0.3352051747346721,-0.33521458887101585,-13.17169056451489
1.303,-13.16014594323546,-0.33577246616276096,-0.3357820780373648,-13.162096633567007
1.304,-13.150562286398666,-0.33634043721304885,-0.33635024610344666,-13.152511361009187
1.305,-13.140987283294086,-0.3369090877774896,-0.33691909295530775,-13.142934743682112
1.306,-13.131420930768291,-0.3374784177430343,-0.33748861847404554,-13.133366778422054
1.307,-13.121863225663386,-0.33804842699165294,-0.3380588225358143,-13.123807462060968
1.308,-13.11231416481707,-0.3386191154003094,-0.33862970501182055,-13.11425679142653
1.309,-13.102773745062741,-0.339190482840985,-0.33920126576833126,-13.104714763342265
1.31,-13.093241963229563,-0.33976252918067323,-0.3397735046666692,-13.095181374627582
1.311,-13.083718816142536,-0.34033525428137146,-0.34034642156321493,-13.085656622097876
1.312,-13.074204300622581,-0.34090865800009257,-0.34092001630941454,-13.076140502564579
1.313,-13.064698413486624,-0.3414827401888681,-0.34149428875176796,-13.066633012835267
1.314,-13.055201151547653,-0.3420575006947382,-0.34206923873184414,-13.057134149713702
1.315,-13.045712511614813,-0.34263293935976025,-0.34264486608627465,-13.047643909999934
1.316,-13.036232490493479,-0.3432090560210146,-0.3432211706467533,-13.038162290490352
1.317,-13.026761084985326,-0.34378585051059396,-0.3437981522400457,-13.028689287977791
1.318,-13.01729829188841,-0.34436332265562075,-0.3443758106879804,-13.019224899251569
1.319,-13.007844107997244,-0.34494147227822985,-0.344954145807459,-13.009769121097587
1.32,-12.99839853010287,-0.34552029919558447,-0.34553315741045243,-13.000321950298401
1.321,-12.988961554992946,-0.34609980321987355,-0.3461128453040051,-12.990883383633282
1.322,-12.979533179451794,-0.34667998415830925,-0.346693209290235,-12.9814534178783
1.323,-12.970113400260516,-0.3472608418131334,-0.3472742491663321,-12.9720320498064
1.324,-12.960702214197033,-0.34784237598161805,-0.34785596472456815,-12.962619276187471
1.325,-12.951299618036176,-0.3484245864560654,-0.34843835575229015,-12.953215093788415
1.326,-12.941905608549757,-0.34900747302381196,-0.3490214220319265,-12.943819499373227
1.327,-12.932520182506654,-0.3495910354672268,-0.34960516334098585,-12.934432489703067
1.328,-12.923143336672851,-0.3501752735637146,-0.3501895794520607,-12.925054061536333
1.329,-12.913775067811564,-0.35076018708572065,-0.3507746701328251,-12.915684211628719
1.33,-12.904415372683264,-0.35134577580072146,-0.35136043514604304,-12.906322936733313
1.331,-12.895064248045792,-0.3519320394712461,-0.35194687424956766,-12.896970233600648
1.332,-12.885721690654394,-0.3525189778548574,-0.3525339871963362,-12.887626098978782
1.333,-12.876387697261828,-0.35310659070416883,-0.35312177373438414,-12.878290529613366
1.334,-12.867062264618408,-0.3536948777668316,-0.35371023360682824,-12.868963522247725
1.335,-12.857745389472102,-0.35428383878555403,-0.35429936655189925,-12.85964507362291
1.336,-12.848437068568586,-0.3548734734980885,-0.35488917230290495,-12.850335180477794
1.337,-12.839137298651321,-0.35546378163724357,-0.35547965058826436,-12.84103383954912
1.338,-12.829846076461628,-0.35605476293087884,-0.35607080113148903,-12.831741047571574
1.339,-12.82056339873876,-0.3566464171019046,-0.3566626236511988,-12.822456801277877
1.34,-12.811289262219965,-0.35723874386829924,-0.3572551178611131,-12.813181097398829
1.341,-12.802023663640567,-0.35783174294308984,-0.3578482834700608,-12.803913932663395
1.342,-12.79276659973403,-0.3584254140343719,-0.3584421201819701,-12.794655303798763
1.343,-12.78351806723203,-0.3590197568453008,-0.3590366276958911,-12.785405207530427
1.344,-12.774278062864532,-0.3596147710740954,-0.3596318057059808,-12.776163640582237
1.345,-12.765046583359855,-0.3602104564140495,-0.36022765390150513,-12.766930599676494
1.346,-12.755823625444727,-0.36080681255351654,-0.36082417196685007,-12.757706081533982
1.347,-12.746609185844388,-0.36140383917592694,-0.36142135958151866,-12.748490082874081
1.348,-12.737403261282637,-0.36200153595978524,-0.3620192164201352,-12.739282600414803
1.349,-12.72820584848189,-0.36259990257866664,-0.3626177421524421,-12.730083630872869
1.35,-12.719016944163288,-0.3631989387012335,-0.36321693644330993,-12.72089317096377
1.351,-12.70983654504672,-0.36379864399121326,-0.363816798952734,-12.711711217401858
1.3519999999999999,-12.700664647850925,-0.36439901810742936,-0.36441732933583637,-12.70253776690038
1.353,-12.691501249293545,-0.36500006070378543,-0.3650185272428682,-12.693372816171571
1.354,-12.682346346091194,-0.3656017714292683,-0.36562039231921833,-12.68421636192671
1.355,-12.673199934959536,-0.36620414992795775,-0.36622292420540575,-12.675068400876192
1.3559999999999999,-12.664062012613332,-0.36680719583902077,-0.36682612253708946,-12.665928929729587
1.357,-12.654932575766537,-0.36741090879672084,-0.36742998694506646,-12.656797945195704
1.358,-12.64581162113233,-0.3680152884304162,-0.3680345170552768,-12.647675443982669
1.359,-12.63669914542322,-0.3686203343645647,-0.36863971248880156,-12.638561422797995
1.3599999999999999,-12.627595145351085,-0.369226046218721,-0.3692455728618699,-12.629455878348615
1.361,-12.618499617627235,-0.36983242360754814,-0.36985209778585904,-12.620358807340983
1.362,-12.609412558962509,-0.37043946614080947,-0.3704592868672995,-12.611270206481123
1.363,-12.600333966067316,-0.3710471734233773,-0.37106713970787164,-12.602190072474698
1.3639999999999999,-12.591263835651695,-0.3716555450552341,-0.3716756559044131,-12.593118402027068
1.365,-12.582202164425404,-0.3722645806314787,-0.3722848350489205,-12.584055191843355
1.366,-12.57314894909797,-0.3728742797423199,-0.3728946767285506,-12.575000438628521
1.367,-12.564104186378753,-0.37348464197308756,-0.3735051805256222,-12.565954139087417
1.3679999999999999,-12.555067872977013,-0.3740956669042297,-0.3741163460176221,-12.556916289924846
1.369,-12.546040005601975,-0.37470735411132117,-0.37472817277720627,-12.547886887845635
1.37,-12.537020580962901,-0.37531970316505714,-0.3753406603721937,-12.5388659295547
1.371,-12.528009595769136,-0.3759327136312624,-0.3759538083655891,-12.52985341175709
1.3719999999999999,-12.519007046730188,-0.3765463850708969,-0.37656761631556346,-12.520849331158079
1.373,-12.510012930555781,-0.3771607170400462,-0.37718208377546847,-12.511853684463194
1.374,-12.501027243955921,-0.37777570908993996,-0.3777972102938387,-12.502866468378313
1.375,-12.492049983640964,-0.3783913607669423,-0.37841299541439377,-12.4938876796097
1.376,-12.48308114632167,-0.37900767161256016,-0.37902943867603484,-12.48491731486407
1.377,-12.474120728709273,-0.3796246411634432,-0.37964653961285894,-12.475955370848663
1.3780000000000001,-12.465168727515536,-0.38024226895138946,-0.3802642977541497,-12.467001844271303
1.379,-12.45622513945282,-0.38086055450334855,-0.38088271262438855,-12.458056731840447
1.38,-12.447289961234137,-0.38147949734141956,-0.38150178374325544,-12.449120030265256
1.381,-12.438363189573218,-0.3820990969828588,-0.3821215106256247,-12.440191736255638
1.3820000000000001,-12.429444821184571,-0.382719352940083,-0.3827418927815832,-12.431271846522346
1.383,-12.42053485278355,-0.38334026472066496,-0.3833629297164163,-12.422360357776999
1.384,-12.411633281086393,-0.38396183182734855,-0.38398462093062147,-12.41345726673216
1.385,-12.40274010281031,-0.38458405375804183,-0.3846069659199047,-12.404562570101387
1.3860000000000001,-12.393855314673525,-0.38520693000582246,-0.3852299641751927,-12.395676264599304
1.387,-12.384978913395342,-0.38583046005893823,-0.38585361518262573,-12.386798346941655
1.388,-12.376110895696206,-0.3864546434008205,-0.3864779184235667,-12.377928813845351
1.389,-12.367251258297747,-0.38707947951007626,-0.3871028733745966,-12.369067662028543
1.3900000000000001,-12.358399997922868,-0.38770496786048997,-0.3877284795075312,-12.360214888210677
1.391,-12.349557111295784,-0.38833110792103964,-0.3883547362894119,-12.351370489112547
1.392,-12.340722595142068,-0.3889578991558874,-0.38898164318250994,-12.342534461456358
1.393,-12.33189644618874,-0.3895853410243888,-0.38960919964433893,-12.333706801965779
1.3940000000000001,-12.323078661164303,-0.39021343298109,-0.3902374051276437,-12.324887507365997
1.395,-12.31426923679881,-0.3908421744757387,-0.3908662590804169,-12.316076574383793
1.396,-12.305468169823913,-0.3914715649532849,-0.3914957609458959,-12.307273999747569
1.397,-12.296675456972926,-0.39210160385387965,-0.3921259101625615,-12.298479780187426
1.3980000000000001,-12.287891094980887,-0.39273229061288223,-0.39275670616415215,-12.289693912435213
1.399,-12.279115080584598,-0.3933636246608627,-0.3933881483796526,-12.280916393224592
1.4,-12.270347410522701,-0.39399560542360723,-0.394020236233315,-12.272147219291071
1.401,-12.26158808153572,-0.39462823232211314,-0.39465296914464515,-12.263386387372082
1.4020000000000001,-12.252837090366116,-0.39526150477260774,-0.39528634652841954,-12.254633894207021
1.403,-12.244094433758356,-0.3958954221865364,-0.3959203677946759,-12.245889736537318
1.404,-12.23536010845896,-0.39652998397057004,-0.3965550323487241,-12.237153911106478
1.405,-12.22663411121654,-0.3971651895266173,-0.3971903395911533,-12.228426414660134
1.4060000000000001,-12.217916438781888,-0.397801038251812,-0.3978262889178246,-12.219707243946122
1.407,-12.209207087908009,-0.39843752953853145,-0.3984628797198828,-12.210996395714503
1.408,-12.200506055350168,-0.3990746627743911,-0.39910011138375356,-12.202293866717644
1.409,-12.191813337865963,-0.39971243734225625,-0.3997379832911569,-12.193599653710255
1.4100000000000001,-12.183128932215364,-0.4003508526202342,-0.4003764948191003,-12.184913753449445
1.411,-12.174452835160778,-0.4009899079816825,-0.40101564533988066,-12.176236162694789
1.412,-12.165785043467093,-0.40162960279521953,-0.4016554342211017,-12.167566878208353
1.413,-12.157125553901729,-0.4022699364247198,-0.4022958608256643,-12.158905896754767
1.4140000000000001,-12.148474363234696,-0.40291090822931697,-0.402936924511772,-12.150253215101277
1.415,-12.139831468238656,-0.40355251756341476,-0.4035786246329451,-12.141608830017788
1.416,-12.131196865688946,-0.4041947637766825,-0.4042209605380051,-12.132972738276905
1.417,-12.122570552363658,-0.4048376462140663,-0.4048639315711011,-12.124344936654017
1.418,-12.113952525043675,-0.4054811642157866,-0.40550753707169235,-12.11572542192732
1.419,-12.105342780512734,-0.40612531711734,-0.4061517763745658,-12.107114190877866
1.42,-12.096741315557457,-0.4067701042495152,-0.40679664880982835,-12.098511240289639
1.421,-12.088148126967424,-0.40741552493838284,-0.4074421537029305,-12.089916566949576
1.422,-12.07956321153521,-0.40806157850530816,-0.4080882903746435,-12.08133016764764
1.423,-12.070986566056428,-0.40870826426694995,-0.4087350581410823,-12.072752039176846
1.424,-12.062418187329804,-0.40935558153526835,-0.40938245631370446,-12.064182178333333
1.425,-12.053858072157201,-0.41000352961751835,-0.4100304841993092,-12.0556205819164
1.426,-12.04530621734368,-0.41065210781627304,-0.4106791411000446,-12.04706724672856
1.427,-12.03676261969754,-0.41130131542940906,-0.41132842631341626,-12.038522169575579
1.428,-12.028227276030387,-0.4119511517501168,-0.4119783391322831,-12.029985347266535
1.429,-12.019700183157152,-0.4126016160669087,-0.4126288788448602,-12.021456776613865
1.43,-12.011181337896165,-0.41325270766361827,-0.4132800447347369,-12.01293645443341
1.431,-12.00267073706919,-0.41390442581940107,-0.4139318360808619,-12.00442437754445
1.432,-11.994168377501474,-0.4145567698087493,-0.41458425215755884,-11.995920542769774
1.433,-11.985674256021792,-0.4152097389014855,-0.41523729223452865,-11.98742494693571
1.434,-11.977188369462507,-0.4158633323627704,-0.41589095557685146,-11.978937586872183
1.435,-11.968710714659586,-0.41651754945310615,-0.41654524144498944,-11.970458459412743
1.436,-11.960241288452698,-0.4171723894283431,-0.41720014909479664,-11.96198756139464
1.437,-11.951780087685195,-0.41782785153967883,-0.41785567777751054,-11.953524889658835
1.438,-11.943327109204207,-0.4184839350336699,-0.4185118267397761,-11.945070441050074
1.439,-11.934882349860674,-0.41914063915222594,-0.41916859522362765,-11.936624212416916
1.44,-11.926445806509381,-0.41979796313262385,-0.41982598246651026,-11.928186200611785
1.441,-11.918017476009016,-0.42045590620750006,-0.42048398770127493,-11.919756402491014
1.442,-11.9095973552222,-0.4211144676048695,-0.42114261015618415,-11.911334814914893
1.443,-11.90118544101555,-0.4217736465481192,-0.4218018490549169,-11.902921434747697
1.444,-11.892781730259706,-0.4224334422560145,-0.4224617036165742,-11.894516258857752
1.445,-11.884386219829386,-0.4230938539427053,-0.42312217305567895,-11.88611928411746
1.446,-11.87599890660342,-0.42375488081772517,-0.4237832565821839,-11.877730507403353
1.447,-11.867619787464799,-0.4244165220860079,-0.42444495340147426,-11.869349925596131
1.448,-11.85924885930072,-0.42507877694787544,-0.4251072627143734,-11.860977535580709
1.449,-11.85088611900262,-0.42574164459905367,-0.42577018371714687,-11.85261333424625
1.45,-11.842531563466228,-0.42640512423067495,-0.42643371560150717,-11.84425731848622
1.451,-11.834185189591594,-0.4270692150292761,-0.42709785755460705,-11.835909485198414
1.452,-11.825846994283154,-0.42773391617681406,-0.42776260875906913,-11.827569831285022
1.453,-11.817516974449738,-0.42839922685065557,-0.42842796839295977,-11.819238353652633
1.454,-11.809195127004644,-0.42906514622359726,-0.42909393562981746,-11.810915049212316
1.455,-11.800881448865654,-0.4297316734638579,-0.4297605096386465,-11.802599914879632
1.456,-11.792575936955087,-0.43039880773508854,-0.4304276895839226,-11.794292947574691
1.457,-11.784278588199841,-0.4310665481963793,-0.43109547462559344,-11.785994144222176
1.458,-11.775989399531424,-0.43173489400225473,-0.43176386391909216,-11.777703501751404
1.459,-11.767708367885998,-0.43240384430268797,-0.4324328566153366,-11.769421017096342
1.46,-11.759435490204417,-0.4330733982431013,-0.43310245186073193,-11.761146687195662
1.461,-11.751170763432274,-0.4337435549643689,-0.4337726487971758,-11.752880508992785
1.462,-11.74291418451993,-0.4344143136028236,-0.43444344656206807,-11.74462247943589
1.463,-11.73466575042255,-0.4350856732902659,-0.43511484428831326,-11.736372595477992
1.464,-11.726425458100152,-0.435757633153956,-0.43578684110431765,-11.728130854076955
1.465,-11.718193304517632,-0.4364301923166316,-0.43645943613399985,-11.719897252195528
1.466,-11.709969286644828,-0.43710334989650457,-0.43713262849680257,-11.711671786801398
1.467,-11.701753401456521,-0.4377771050072746,-0.43780641730768066,-11.703454454867217
1.468,-11.693545645932486,-0.43845145675811736,-0.4384808016771224,-11.695245253370647
1.469,-11.68534601705755,-0.43912640425370936,-0.4391557807111375,-11.687044179294375
1.47,-11.677154511821598,-0.4398019465942138,-0.4398313535112832,-11.678851229626181
1.471,-11.668971127219622,-0.4404780828753025,-0.44050751917464626,-11.67066640135895
1.472,-11.660795860251758,-0.4411548121881481,-0.4411842767938605,-11.66248969149072
1.473,-11.652628707923324,-0.4418321336194323,-0.44186162545711505,-11.654321097024711
1.474,-11.644469667244845,-0.44251004625135454,-0.44253956424814433,-11.646160614969368
1.475,-11.63631873523209,-0.4431885491616333,-0.4432180922462467,-11.638008242338376
1.476,-11.628175908906131,-0.4438676414235085,-0.44389720852628334,-11.62986397615073
1.477,-11.620041185293331,-0.4445473221057567,-0.444576912158684,-11.621727813430729
1.478,-11.61191456142542,-0.4452275902726813,-0.44525720220945053,-11.613599751208046
1.479,-11.603796034339506,-0.4459084449841245,-0.44593807774016286,-11.605479786517737
1.48,-11.595685601078126,-0.4465898852954803,-0.4466195378079848,-11.597367916400284
1.4809999999999999,-11.587583258689255,-0.4472719102576851,-0.44730158146566756,-11.589264137901624
1.482,-11.579489004226353,-0.4479545189172318,-0.44798420776155784,-11.581168448073198
1.483,-11.571402834748417,-0.4486377103161688,-0.4486674157395921,-11.573080843971955
1.484,-11.563324747319966,-0.4493214834921174,-0.44935120443932003,-11.56500132266041
1.4849999999999999,-11.555254739011122,-0.4500058374782557,-0.4500355728958904,-11.556929881206667
1.486,-11.547192806897598,-0.4506907713033464,-0.4507205201400666,-11.548866516684445
1.487,-11.539138948060776,-0.45137628399172525,-0.4514060451982321,-11.540811226173108
1.488,-11.531093159587694,-0.4520623745633174,-0.4520921470923919,-11.532764006757725
1.4889999999999999,-11.523055438571113,-0.4527490420336272,-0.4527788248401762,-11.524724855529065
1.49,-11.515025782109518,-0.4534362854137669,-0.45346607745484874,-11.51669376958363
1.491,-11.507004187307166,-0.45412410371043876,-0.4541539039453121,-11.508670746023713
1.492,-11.498990651274106,-0.45481249592595413,-0.4548423033161112,-11.500655781957416
1.4929999999999999,-11.49098517112623,-0.4555014610582328,-0.4555312745674389,-11.49264887449866
1.494,-11.482987743985262,-0.4561909981008094,-0.45622081669513825,-11.484650020767237
1.495,-11.474998366978834,-0.45688110604284027,-0.45691092869071753,-11.476659217888841
1.496,-11.467017037240481,-0.4575717838691051,-0.4576016095413388,-11.46867646299507
1.4969999999999999,-11.459043751909682,-0.45826303056001383,-0.4582928582298419,-11.460701753223493
1.498,-11.451078508131882,-0.45895484509162027,-0.45898467373473095,-11.45273508571764
1.499,-11.443121303058536,-0.459647226435611,-0.4596770550301963,-11.444776457627066
1.5,-11.43517213384712,-0.46034017355932066,-0.46037000108611126,-11.43682586610735
1.501,-11.427230997661159,-0.4610336854257404,-0.46106351086803465,-11.428883308320135
1.502,-11.419297891670263,-0.461727760993513,-0.461757583337227,-11.42094878143315
1.5030000000000001,-11.41137281305015,-0.462422399216951,-0.4624522174506368,-11.413022282620258
1.504,-11.403455758982673,-0.4631175990460271,-0.4631474121609316,-11.405103809061446
1.505,-11.395546726655837,-0.46381335942639257,-0.4638431664164807,-11.39719335794288
1.506,-11.387645713263847,-0.46450967929937886,-0.4645394791613719,-11.389290926456919
1.5070000000000001,-11.379752716007108,-0.46520655760199675,-0.4652363493354142,-11.381396511802146
1.508,-11.371867732092266,-0.4659039932669517,-0.46593377587414464,-11.373510111183396
1.509,-11.363990758732228,-0.46660198522264296,-0.4666317577088311,-11.365631721811765
1.51,-11.356121793146183,-0.46730053239317104,-0.46733029376647794,-11.35776134090465
1.5110000000000001,-11.348260832559644,-0.46799963369833836,-0.46802938296983476,-11.349898965685776
1.512,-11.340407874204448,-0.4686992880536677,-0.4687290242373965,-11.342044593385214
1.513,-11.332562915318787,-0.46939949437039175,-0.4694292164834147,-11.334198221239397
1.514,-11.324725953147244,-0.4701002515554733,-0.4701299586178986,-11.326359846491155
1.5150000000000001,-11.316896984940811,-0.4708015585115958,-0.470831249546626,-11.31852946638974
1.516,-11.3090760079569,-0.4715034141371816,-0.4715330881711395,-11.310707078190845
1.517,-11.301263019459373,-0.4722058173263949,-0.4722354733887651,-11.302892679156617
1.518,-11.293458016718567,-0.472908766969142,-0.47293840409259813,-11.295086266555703
1.5190000000000001,-11.285660997011323,-0.4736122619510777,-0.47364187917153555,-11.287287837663245
1.52,-11.277871957620993,-0.4743163011536234,-0.47434589751025874,-11.279497389760936
1.521,-11.270090895837463,-0.4750208834539543,-0.4750504579892457,-11.271714920136988
1.522,-11.262317808957187,-0.47572600772501605,-0.47575555948478887,-11.263940426086227
1.5230000000000001,-11.254552694283193,-0.4764316728355305,-0.47646120086897564,-11.256173904910034
1.524,-11.24679554912512,-0.47713787764999627,-0.47716738100972034,-11.248415353916446
1.525,-11.239046370799212,-0.47784462102869907,-0.477874098770755,-11.240664770420107
1.526,-11.231305156628377,-0.4785519018277188,-0.4785813530116359,-11.232922151742324
1.5270000000000001,-11.223571903942165,-0.47925971889892677,-0.47928914258775607,-11.225187495211093
1.528,-11.215846610076824,-0.4799680710900003,-0.4799974663503418,-11.217460798161103
1.529,-11.208129272375283,-0.48067695724442744,-0.480706323146469,-11.209742057933738
1.53,-11.200419888187202,-0.48138637620151004,-0.4814157118190595,-11.202031271877145
1.5310000000000001,-11.192718454868986,-0.48209632679636505,-0.4821256312068879,-11.194328437346217
1.532,-11.185024969783775,-0.4828068078599447,-0.4828360801446009,-11.186633551702617
1.533,-11.177339430301503,-0.48351781821902723,-0.4835470574627003,-11.178946612314798
1.534,-11.169661833798877,-0.48422935669623235,-0.48425856198756834,-11.171267616558023
1.5350000000000001,-11.16199217765943,-0.4849414221100224,-0.48497059254146324,-11.163596561814387
1.536,-11.154330459273519,-0.485654013274711,-0.48568314794253026,-11.155933445472828
1.537,-11.146676676038327,-0.48636712900046875,-0.4863962270048032,-11.14827826492914
1.538,-11.139030825357917,-0.48708076809332723,-0.4871098285382114,-11.140631017586005
1.5390000000000001,-11.131392904643215,-0.4877949293551833,-0.48782395134859347,-11.132991700852992
1.54,-11.123762911312047,-0.48850961158381473,-0.48853859423768914,-11.125360312146586
1.541,-11.11614084278914,-0.48922481357287506,-0.489253756003156,-11.117736848890203
1.542,-11.10852669650614,-0.48994053411190625,-0.48996943543857147,-11.110121308514193
1.5430000000000001,-11.100920469901649,-0.4906567719863407,-0.49068563133344145,-11.102513688455877
1.544,-11.093322160421199,-0.49137352597751377,-0.4914023424731989,-11.09491398615954
1.545,-11.085731765517306,-0.49209079486265783,-0.4921195676392225,-11.087322199076464
1.546,-11.07814928264946,-0.4928085774149238,-0.49283730560883354,-11.079738324664927
1.5470000000000002,-11.070574709284145,-0.49352687240337756,-0.49355555515529903,-11.072162360390234
1.548,-11.063008042894865,-0.49424567859300467,-0.4942743150478501,-11.06459430372472
1.549,-11.05544928096213,-0.49496499474472655,-0.49499358405167365,-11.057034152147757
1.55,-11.047898420973496,-0.49568481961539285,-0.49571336092793356,-11.049481903145786
1.5510000000000002,-11.04035546042357,-0.49640515195780166,-0.49643364443376337,-11.041937554212321
1.552,-11.032820396814014,-0.49712599052069306,-0.4971544333222787,-11.03440110284797
1.553,-11.025293227653563,-0.49784733404876924,-0.4978757263425839,-11.026872546560407
1.554,-11.01777395045804,-0.49856918128268474,-0.4985975222397751,-11.019351882864454
1.5550000000000002,-11.01026256275036,-0.4992915309590691,-0.4993198197549539,-11.01183910928204
1.556,-11.002759062060557,-0.5000143818105169,-0.5000426176252208,-11.004334223342232
1.557,-10.995263445925776,-0.5007377325656062,-0.500765914583692,-10.996837222581235
1.558,-10.987775711890293,-0.5014615819489048,-0.5014897093595077,-10.989348104542424
1.5590000000000002,-10.980295857505524,-0.5021859286809678,-0.5022140006778203,-10.981866866776336
1.56,-10.972823880330044,-0.5029107714783486,-0.5029387872598254,-10.974393506840684
1.561,-10.965359777929574,-0.5036361090536104,-0.5036640678227524,-10.966928022300387
1.562,-10.957903547877017,-0.504361940115323,-0.5043898410798726,-10.95947041072754
1.5630000000000002,-10.950455187752455,-0.5050882633680749,-0.5051161057405098,-10.95202066970147
1.564,-10.94301469514316,-0.5058150775124832,-0.505842860510043,-10.944578796808706
1.565,-10.935582067643598,-0.5065423812451877,-0.5065701040899151,-10.937144789643021
1.566,-10.92815730285544,-0.5072701732588782,-0.5072978351776382,-10.929718645805417
1.5670000000000002,-10.920740398387576,-0.5079984522422751,-0.5080260524668005,-10.92230036290414
1.568,-10.913331351856128,-0.5087272168801572,-0.5087547546470738,-10.9148899385547
1.569,-10.905930160884425,-0.5094564658533559,-0.5094839404042134,-10.907487370379867
1.57,-10.898536823103058,-0.5101861978387676,-0.5102136084200768,-10.900092656009674
1.5710000000000002,-10.89115133614985,-0.5109164115093602,-0.5109437573726141,-10.89270579308145
1.572,-10.883773697669879,-0.5116471055341772,-0.5116743859358952,-10.885326779239792
1.573,-10.876403905315486,-0.5123782785783444,-0.5124054927800957,-10.877955612136606
1.574,-10.86904195674627,-0.5131099293030749,-0.5131370765715142,-10.870592289431084
1.5750000000000002,-10.861687849629103,-0.5138420563656849,-0.5138691359725772,-10.863236808789738
1.576,-10.854341581638142,-0.5145746584195858,-0.5146016696418481,-10.855889167886389
1.577,-10.84700315045482,-0.5153077341143046,-0.5153346762340263,-10.848549364402167
1.5779999999999998,-10.83967255376785,-0.5160412820954846,-0.5160681543999638,-10.841217396025542
1.579,-10.832349789273255,-0.5167753010048861,-0.5168021027866613,-10.833893260452303
1.58,-10.825034854674339,-0.5175097894804048,-0.5175365200372861,-10.826576955385583
1.581,-10.817727747681719,-0.5182447461560712,-0.518271404791165,-10.819268478535848
1.5819999999999999,-10.81042846601331,-0.51898016966206,-0.5190067556838044,-10.811967827620917
1.583,-10.803137007394344,-0.5197160586246922,-0.5197425713468907,-10.804675000365947
1.584,-10.79585336955736,-0.5204524116664491,-0.520478850408297,-10.797389994503462
1.585,-10.78857755024222,-0.5211892274059753,-0.5212155914920882,-10.790112807773333
1.5859999999999999,-10.781309547196097,-0.5219265044580832,-0.5219527932185324,-10.7828434379228
1.587,-10.774049358173489,-0.5226642414337666,-0.5226904542041034,-10.775581882706454
1.588,-10.766796980936228,-0.5234024369401975,-0.5234285730614913,-10.768328139886275
1.589,-10.759552413253461,-0.5241410895807417,-0.5241671483996021,-10.761082207231592
1.5899999999999999,-10.75231565290167,-0.5248801979549671,-0.5249061788235763,-10.753844082519116
1.591,-10.745086697664664,-0.5256197606586389,-0.5256456629347838,-10.746613763532928
1.592,-10.73786554533359,-0.5263597762837331,-0.5263855993308401,-10.73939124806449
1.593,-10.730652193706922,-0.5271002434184524,-0.5271259866056002,-10.732176533912646
1.5939999999999999,-10.72344664059047,-0.5278411606472182,-0.527866823349184,-10.724969618883613
1.595,-10.71624888379738,-0.5285825265506839,-0.5286081081479665,-10.717770500790984
1.596,-10.709058921148134,-0.5293243397057474,-0.5293498395845955,-10.710579177455744
1.597,-10.701876750470543,-0.5300665986855467,-0.5300920162379881,-10.703395646706259
1.5979999999999999,-10.694702369599758,-0.5308093020594766,-0.530834636683354,-10.696219906378273
1.599,-10.687535776378258,-0.5315524483931913,-0.531577699492181,-10.689051954314909
1.6,-10.680376968655867,-0.5322960362486077,-0.53232120323226,-10.681891788366682
1.601,-10.673225944289733,-0.533040064183926,-0.5330651464676834,-10.674739406391486
1.6019999999999999,-10.666082701144335,-0.5337845307536211,-0.533809527758853,-10.667594806254595
1.603,-10.658947237091478,-0.5345294345084555,-0.5345543456624852,-10.660457985828657
1.604,-10.651819550010305,-0.5352747739954897,-0.5352995987316292,-10.653328942993712
1.605,-10.644699637787284,-0.5360205477580868,-0.5360452855156538,-10.646207675637168
1.6059999999999999,-10.63758749831619,-0.5367667543359191,-0.5367914045602726,-10.63909418165381
1.607,-10.630483129498137,-0.5375133922649733,-0.5375379544075435,-10.631988458945795
1.608,-10.623386529241547,-0.5382604600775621,-0.5382849335958773,-10.624890505422659
1.609,-10.61629769546216,-0.539007956302331,-0.5390323406600394,-10.617800319001297
1.6099999999999999,-10.60921662608303,-0.5397558794642594,-0.539780174131167,-10.610717897605983
1.611,-10.60214331903451,-0.5405042280846726,-0.5405284325367675,-10.603643239168335
1.612,-10.595077772254268,-0.5412530006812535,-0.5412771144007313,-10.596576341627342
1.613,-10.588019983687255,-0.5420021957680363,-0.5420262182433303,-10.589517202929352
1.6139999999999999,-10.580969951285738,-0.5427518118554311,-0.5427757425812381,-10.582465821028059
1.615,-10.573927673009253,-0.5435018474502149,-0.5435256859275268,-10.575422193884503
1.616,-10.566893146824638,-0.5442523010555507,-0.5442760467916778,-10.568386319467072
1.617,-10.559866370706004,-0.5450031711709897,-0.5450268236795913,-10.561358195751492
1.6179999999999999,-10.552847342634735,-0.5457544562924742,-0.5457780150935821,-10.554337820720825
1.619,-10.545836060599482,-0.546506154912355,-0.5465296195324075,-10.547325192365449
1.62,-10.538832522596168,-0.5472582655193948,-0.5472816354912564,-10.540320308683086
1.621,-10.531836726627965,-0.5480107865987689,-0.5480340614617615,-10.533323167678759
1.6219999999999999,-10.524848670705296,-0.5487637166320807,-0.548786895932008,-10.526333767364806
1.623,-10.517868352845827,-0.5495170540973646,-0.5495401373865453,-10.519352105760875
1.624,-10.510895771074463,-0.5502707974690982,-0.5502937843063846,-10.512378180893913
1.625,-10.503930923423333,-0.5510249452182041,-0.5510478351690101,-10.50541199079815
1.626,-10.496973807931793,-0.5517794958120603,-0.5518022884483955,-10.498453533515114
1.627,-10.490024422646405,-0.5525344477145071,-0.5525571426149931,-10.491502807093605
1.6280000000000001,-10.483082765620944,-0.5532897993858512,-0.5533123961357586,-10.48455980958969
1.629,-10.476148834916383,-0.5540455492828811,-0.554068047474146,-10.47762453906671
1.63,-10.469222628600871,-0.55480169585887,-0.5548240950901232,-10.47069699359525
1.631,-10.462304144749757,-0.5555582375635766,-0.5555805374401759,-10.463777171253142
1.6320000000000001,-10.455393381445537,-0.556315172843267,-0.5563373729773134,-10.456865070125463
1.633,-10.448490336777889,-0.557072500140708,-0.5570946001510797,-10.449960688304522
1.634,-10.441595008843631,-0.557830217895183,-0.5578522174075569,-10.44306402388984
1.635,-10.434707395746726,-0.5585883245424992,-0.5586102231893788,-10.436175074988142
1.6360000000000001,-10.427827495598269,-0.559346818514994,-0.5593686159357276,-10.429293839713385
1.637,-10.420955306516484,-0.5601056982415358,-0.5601273940823569,-10.422420316186692
1.638,-10.414090826626692,-0.5608649621475436,-0.5608865560615849,-10.41555450253637
1.639,-10.407234054061325,-0.5616246086549863,-0.5616461003023048,-10.408696396897913
1.6400000000000001,-10.400384986959901,-0.562384636182392,-0.5624060252300009,-10.401845997413957
1.641,-10.39354362346902,-0.5631450431448564,-0.5631663292667453,-10.395003302234313
1.642,-10.386709961742335,-0.5639058279540543,-0.5639270108312131,-10.388168309515912
1.643,-10.37988399994057,-0.5646669890182324,-0.5646880683386858,-10.38134101742282
1.6440000000000001,-10.373065736231485,-0.5654285247422434,-0.5654495002010593,-10.374521424126222
1.645,-10.366255168789875,-0.5661904335275227,-0.5662113048268553,-10.367709527804411
1.646,-10.35945229579754,-0.5669527137721222,-0.5669734806212213,-10.360905326642772
1.647,-10.352657115443298,-0.5677153638707007,-0.5677360259859469,-10.354108818833769
1.6480000000000001,-10.345869625922955,-0.5684783822145395,-0.568498939319462,-10.347320002576941
1.649,-10.339089825439299,-0.5692417671915514,-0.5692622190168524,-10.340538876078877
1.65,-10.332317712202075,-0.570005517186283,-0.5700258634698683,-10.333765437553215
1.651,-10.325553284427988,-0.5707696305799242,-0.5707898710669222,-10.32699968522062
1.6520000000000001,-10.318796540340685,-0.5715341057503178,-0.571554240193106,-10.320241617308783
1.653,-10.31204747817072,-0.5722989410719682,-0.5723189692301928,-10.313491232052389
1.654,-10.305306096155572,-0.5730641349160472,-0.5730840565566508,-10.306748527693122
1.655,-10.298572392539608,-0.5738296856503964,-0.5738495005476422,-10.300013502479633
1.6560000000000001,-10.291846365574077,-0.5745955916395468,-0.5746152995750385,-10.293286154667536
1.657,-10.285128013517093,-0.5753618512447174,-0.5753814520074281,-10.286566482519406
1.658,-10.278417334633614,-0.5761284628238253,-0.5761479562101168,-10.279854484304732
1.659,-10.271714327195438,-0.5768954247314954,-0.5769148105451432,-10.273150158299929
1.6600000000000001,-10.265018989481176,-0.5776627353190695,-0.577682013371283,-10.266453502788318
1.661,-10.258331319776248,-0.5784303929346065,-0.5784495630440567,-10.259764516060098
1.662,-10.251651316372854,-0.5791983959228966,-0.5792174579157372,-10.25308319641235
1.663,-10.24497897756996,-0.5799667426254704,-0.5799856963353627,-10.246409542148998
1.6640000000000001,-10.238314301673288,-0.5807354313806019,-0.5807542766487329,-10.239743551580816
1.665,-10.2316572869953,-0.5815044605233259,-0.5815231971984329,-10.233085223025395
1.666,-10.225007931855174,-0.582273828385427,-0.5822924563238231,-10.226434554807133
1.667,-10.218366234578777,-0.5830435332954697,-0.5830620523610657,-10.219791545257216
1.6680000000000001,-10.211732193498676,-0.5838135735787887,-0.5838319836431107,-10.213156192713605
1.669,-10.205105806954096,-0.5845839475575112,-0.584602248499728,-10.206528495521015
1.67,-10.1984870732909,-0.5853546535505525,-0.5853728452574979,-10.1999084520309
1.671,-10.191875990861591,-0.5861256898736342,-0.5861437722398231,-10.193296060601426
1.6720000000000002,-10.185272558025284,-0.5868970548392813,-0.5869150277669437,-10.186691319597474
1.673,-10.178676773147679,-0.5876687467568472,-0.5876866101559298,-10.180094227390594
1.674,-10.172088634601046,-0.5884407639324953,-0.58845851772071,-10.17350478235901
1.675,-10.165508140764217,-0.5892131046692372,-0.5892307487720612,-10.166922982887591
1.6760000000000002,-10.158935290022546,-0.5899857672669193,-0.5900033016176235,-10.16034882736783
1.677,-10.152370080767914,-0.5907587500222377,-0.5907761745619117,-10.153782314197839
1.678,-10.145812511398681,-0.5915320512287485,-0.5915493659063203,-10.147223441782302
1.679,-10.139262580319697,-0.5923056691768722,-0.5923228739491253,-10.140672208532484
1.6800000000000002,-10.132720285942252,-0.5930796021539052,-0.5930966969855073,-10.134128612866197
1.681,-10.126185626684078,-0.5938538484440238,-0.593870833307538,-10.127592653207792
1.682,-10.119658600969315,-0.594628406328297,-0.5946452812042109,-10.121064327988112
1.683,-10.113139207228496,-0.5954032740846893,-0.5954200389614355,-10.1145436356445
1.6840000000000002,-10.106627443898525,-0.5961784499880763,-0.596195104862049,-10.108030574620768
1.685,-10.100123309422644,-0.5969539323102425,-0.596970477185818,-10.101525143367171
1.686,-10.093626802250444,-0.5977297193198995,-0.5977461542094653,-10.0950273403404
1.687,-10.0871379208378,-0.5985058092826899,-0.598522134206651,-10.08853716400354
1.6880000000000002,-10.080656663646879,-0.5992822004611944,-0.5992984154480069,-10.08205461282606
1.689,-10.074183029146106,-0.6000588911149389,-0.6000749962011225,-10.075579685283806
1.69,-10.067717015810153,-0.6008358795004096,-0.6008518747305729,-10.06911237985895
1.691,-10.0612586221199,-0.6016131638710542,-0.6016290492979087,-10.06265269503999
1.6920000000000002,-10.054807846562412,-0.6023907424772952,-0.6024065181616793,-10.056200629321715
1.693,-10.048364687630944,-0.6031686135665295,-0.6031842795774279,-10.049756181205185
1.694,-10.041929143824877,-0.6039467753831506,-0.6039623317977126,-10.043319349197725
1.695,-10.035501213649727,-0.6047252261685397,-0.6047406730721023,-10.036890131812864
1.6960000000000002,-10.029080895617108,-0.6055039641610916,-0.6055193016471967,-10.030468527570358
1.697,-10.022668188244703,-0.6062829875962141,-0.6062982157666226,-10.024054534996136
1.698,-10.016263090056249,-0.6070622947063291,-0.6070774136710527,-10.01764815262228
1.699,-10.009865599581516,-0.607841883720897,-0.6078568935982036,-10.011249378987007
1.7000000000000002,-10.003475715356267,-0.6086217528664131,-0.6086366537828556,-10.004858212634648
1.701,-9.997093435922247,-0.6094019003664198,-0.6094166924568535,-9.998474652115622
1.702,-9.990718759827153,-0.6101823244415153,-0.6101970078491114,-9.992098695986403
1.703,-9.984351685624604,-0.610963023309362,-0.6109775981856312,-9.985730342809495
1.704,-9.977992211874133,-0.6117439951846902,-0.6117584616895032,-9.979369591153432
1.705,-9.971640337141134,-0.6125252382793188,-0.6125395965809186,-9.973016439592715
1.706,-9.965296059996865,-0.6133067508021448,-0.6133210010771701,-9.966670886707828
1.7069999999999999,-9.958959379018403,-0.6140885309591715,-0.6141026733926737,-9.96033293108517
1.708,-9.952630292788617,-0.6148705769535022,-0.6148846117389601,-9.95400257131706
1.709,-9.946308799896162,-0.6156528869853598,-0.6156668143247037,-9.947679806001707
1.71,-9.93999489893543,-0.6164354592520797,-0.6164492793557106,-9.941364633743166
1.7109999999999999,-9.933688588506532,-0.6172182919481385,-0.6172320050349349,-9.93505705315134
1.712,-9.92738986721527,-0.6180013832651481,-0.6180149895624973,-9.928757062841918
1.713,-9.921098733673116,-0.6187847313918664,-0.6187982311356717,-9.922464661436386
1.714,-9.914815186497178,-0.619568334514212,-0.6195817279489136,-9.91617984756198
1.7149999999999999,-9.908539224310168,-0.6203521908152607,-0.6203654781938619,-9.909902619851652
1.716,-9.90227084574039,-0.6211362984752706,-0.6211494800593388,-9.903632976944062
1.717,-9.89601004942169,-0.6219206556716766,-0.6219337317313761,-9.897370917483537
1.718,-9.889756833993458,-0.6227052605791059,-0.6227182313932006,-9.89111644012005
1.7189999999999999,-9.883511198100564,-0.6234901113693796,-0.6235029772252653,-9.884869543509186
1.72,-9.877273140393356,-0.624275206211533,-0.6242879674052434,-9.87863022631212
1.721,-9.871042659527626,-0.6250605432718128,-0.6250732001080396,-9.872398487195595
1.722,-9.864819754164575,-0.6258461207136944,-0.6258586735058037,-9.866174324831867
1.7229999999999999,-9.858604422970785,-0.6266319366978806,-0.6266443857679302,-9.859957737898714
1.724,-9.852396664618194,-0.6274179893823204,-0.6274303350610768,-9.853748725079377
1.725,-9.846196477784067,-0.6282042769222111,-0.628216519549164,-9.847547285062543
1.726,-9.840003861150963,-0.6289907974700075,-0.6290029373933913,-9.841353416542322
1.7269999999999999,-9.833818813406705,-0.6297775491754365,-0.6297895867522364,-9.83516711821821
1.728,-9.82764133324435,-0.6305645301854976,-0.6305764657814741,-9.828988388795048
1.729,-9.82147141936216,-0.631351738644475,-0.6313635726341789,-9.822817226983025
1.73,-9.815309070463583,-0.6321391726939467,-0.6321509054607305,-9.81665363149762
1.7309999999999999,-9.809154285257197,-0.6329268304727931,-0.6329384624088347,-9.810497601059572
1.732,-9.803007062456704,-0.6337147101172045,-0.6337262416235143,-9.804349134394865
1.733,-9.796867400780885,-0.6345028097606925,-0.634514241247134,-9.798208230234701
1.734,-9.790735298953575,-0.6352911275340957,-0.635302459419397,-9.792074887315446
1.7349999999999999,-9.78461075570363,-0.6360796615655868,-0.6360908942773618,-9.785949104378615
1.736,-9.778493769764893,-0.6368684099806875,-0.6368795439554478,-9.779830880170842
1.737,-9.772384339876172,-0.6376573709022739,-0.6376684065854397,-9.773720213443845
1.738,-9.766282464781197,-0.6384465424505809,-0.6384574802965037,-9.767617102954398
1.7389999999999999,-9.760188143228595,-0.6392359227432188,-0.6392467632151924,-9.761521547464293
1.74,-9.75410137397185,-0.6400255098951769,-0.6400362534654531,-9.755433545740319
1.741,-9.748022155769284,-0.6408153020188345,-0.6408259491686323,-9.749353096554216
1.742,-9.74195048738402,-0.641605297223966,-0.6416158484434954,-9.743280198682664
1.7429999999999999,-9.73588636758394,-0.6423954936177563,-0.6424059494062296,-9.737214850907224
1.744,-9.729829795141656,-0.643185889304801,-0.6431962501704429,-9.731157052014327
1.745,-9.723780768834496,-0.6439764823871241,-0.6439867488471894,-9.725106800795235
1.746,-9.71773928744444,-0.6447672709641816,-0.6447774435449696,-9.719064096046013
1.7469999999999999,-9.711705349758105,-0.6455582531328705,-0.6455683323697348,-9.71302893656748
1.748,-9.70567895456672,-0.6463494269875363,-0.6463594134249093,-9.707001321165194
1.749,-9.699660100666067,-0.6471407906199884,-0.64715068481138,-9.700981248649413
1.75,-9.693648786856476,-0.6479323421195016,-0.6479421446275242,-9.694968717835064
1.751,-9.687645011942763,-0.6487240795728267,-0.6487337909692058,-9.688963727541699
1.752,-9.681648774734223,-0.6495160010642049,-0.6495256219297894,-9.682966276593477
1.7530000000000001,-9.675660074044574,-0.6503081046753666,-0.6503176356001472,-9.676976363819117
1.754,-9.669678908691935,-0.6511003884855487,-0.651109830068668,-9.67099398805188
1.755,-9.66370527749879,-0.6518928505715023,-0.6519022034212667,-9.66501914812951
1.756,-9.657739179291953,-0.6526854890074945,-0.652694753741391,-9.659051842894225
1.7570000000000001,-9.651780612902526,-0.6534783018653298,-0.6534874791100364,-9.653092071192669
1.758,-9.645829577165877,-0.6542712872143459,-0.6542803776057438,-9.647139831875887
1.759,-9.639886070921595,-0.6550644431214304,-0.6550734473046205,-9.641195123799275
1.76,-9.633950093013452,-0.6558577676510311,-0.6558666862803376,-9.635257945822561
1.7610000000000001,-9.628021642289387,-0.6566512588651539,-0.6566600926041523,-9.629328296809758
1.762,-9.622100717601453,-0.6574449148233902,-0.657453664344902,-9.623406175629142
1.763,-9.616187317805778,-0.6582387335829065,-0.658247399569022,-9.617491581153207
1.764,-9.61028144176254,-0.6590327131984652,-0.6590412963405555,-9.611584512258624
1.7650000000000001,-9.604383088335934,-0.6598268517224327,-0.6598353527211551,-9.605684967826225
1.766,-9.59849225639413,-0.6606211472047816,-0.6606295667700978,-9.599792946740951
1.767,-9.592608944809223,-0.6614155976931085,-0.6614239365442935,-9.593908447891819
1.768,-9.586733152457224,-0.6622102012326325,-0.6622184600982908,-9.588031470171886
1.7690000000000001,-9.580864878218005,-0.6630049558662167,-0.6630131354842881,-9.582162012478225
1.77,-9.57500412097527,-0.6637998596343702,-0.6638079607521383,-9.576300073711867
1.771,-9.569150879616517,-0.664594910575252,-0.6646029339493671,-9.570445652777781
1.772,-9.563305153032985,-0.6653901067246915,-0.6653980531211744,-9.56459874858483
1.7730000000000001,-9.557466940119648,-0.6661854461161908,-0.6661933163104411,-9.558759360045745
1.774,-9.551636239775158,-0.6669809267809345,-0.6669887215577432,-9.552927486077072
1.775,-9.545813050901808,-0.6677765467477979,-0.6677842669013649,-9.547103125599145
1.776,-9.539997372405495,-0.668572304043354,-0.6685799503772953,-9.541286277536043
1.7770000000000001,-9.53418920319569,-0.6693681966918945,-0.6693757700192459,-9.535476940815563
1.778,-9.528388542185391,-0.6701642227154193,-0.6701717238586586,-9.52967511436918
1.779,-9.522595388291101,-0.6709603801336672,-0.670967809924714,-9.52388079713199
1.78,-9.516809740432757,-0.6717566669641033,-0.6717640262443371,-9.518093988042706
1.7810000000000001,-9.511031597533732,-0.6725530812219476,-0.6725603708422128,-9.51231468604359
1.782,-9.505260958520765,-0.6733496209201711,-0.6733568417407877,-9.506542890080432
1.783,-9.499497822323953,-0.6741462840695094,-0.6741534369602882,-9.500778599102507
1.784,-9.493742187876675,-0.6749430686784703,-0.6749501545187184,-9.495021812062536
1.7850000000000001,-9.487994054115585,-0.6757399727533498,-0.6757469924318777,-9.48927252791665
1.786,-9.482253419980559,-0.676536994298227,-0.6765439487133628,-9.483530745624352
1.787,-9.476520284414661,-0.6773341313149923,-0.6773410213745895,-9.477796464148476
1.788,-9.4707946463641,-0.6781313818033351,-0.6781382084247825,-9.47206968245514
1.7890000000000001,-9.465076504778189,-0.6789287437607706,-0.678935507871002,-9.466350399513733
1.79,-9.459365858609317,-0.679726215182641,-0.6797329177181428,-9.460638614296846
1.791,-9.453662706812901,-0.6805237940621244,-0.6805304359689451,-9.454934325780254
1.792,-9.447967048347339,-0.6813214783902499,-0.681328060624008,-9.44923753294286
1.7930000000000001,-9.442278882173989,-0.6821192661558944,-0.6821257896817939,-9.443548234766677
1.794,-9.436598207257115,-0.6829171553458081,-0.682923621138636,-9.437866430236765
1.795,-9.430925022563853,-0.68371514394461,-0.6837215529887543,-9.43219211834121
1.796,-9.425259327064166,-0.6845132299348051,-0.6845195832242573,-9.426525298071072
1.7970000000000002,-9.419601119730812,-0.685311411296789,-0.6853177098351582,-9.420865968420355
1.798,-9.413950399539303,-0.686109686008861,-0.6861159308093744,-9.415214128385959
1.799,-9.40830716546785,-0.6869080520472279,-0.686914244132748,-9.409569776967642
1.8,-9.40267141649734,-0.6877065073860212,-0.6877126477890472,-9.403932913167985
1.8010000000000002,-9.397043151611285,-0.6885050499972973,-0.6885111397599751,-9.398303535992346
1.802,-9.391422369795796,-0.6893036778510568,-0.6893097180251866,-9.392681644448825
1.803,-9.385809070039524,-0.6901023889152427,-0.690108380562285,-9.38706723754821
1.804,-9.380203251333622,-0.6909011811557579,-0.6909071253468471,-9.381460314303956
1.8050000000000002,-9.374604912671723,-0.6917000525364692,-0.6917059503524136,-9.375860873732131
1.806,-9.369014053049874,-0.6924990010192239,-0.692504853550516,-9.37026891485138
1.807,-9.363430671466507,-0.6932980245638491,-0.6933038329106761,-9.364684436682886
1.808,-9.357854766922397,-0.6940971211281698,-0.6941028864004134,-9.359107438250314
1.8090000000000002,-9.352286338420626,-0.6948962886680082,-0.6949020119852616,-9.353537918579796
1.81,-9.346725384966534,-0.6956955251372112,-0.6957012076287733,-9.347975876699866
1.811,-9.341171905567672,-0.6964948284876326,-0.6965004712925271,-9.34242131164144
1.812,-9.335625899233774,-0.6972941966691714,-0.6972998009361447,-9.336874222437741
1.8130000000000002,-9.330087364976706,-0.6980936276297561,-0.6980991945172922,-9.331334608124301
1.814,-9.324556301810432,-0.698893119315376,-0.698898649991687,-9.325802467738892
1.815,-9.319032708750964,-0.6996926696700698,-0.699698165313124,-9.320277800321481
1.816,-9.313516584816314,-0.7004922766359458,-0.7004977384334614,-9.314760604914206
1.8170000000000002,-9.308007929026482,-0.7012919381531997,-0.701297367302647,-9.309250880561319
1.818,-9.302506740403377,-0.7020916521601045,-0.7020970498687228,-9.303748626309153
1.819,-9.29701301797079,-0.7028914165930351,-0.7028967840778251,-9.29825384120608
1.82,-9.291526760754357,-0.7036912293864674,-0.7036965678742164,-9.29276652430246
1.8210000000000002,-9.286047967781512,-0.7044910884729969,-0.7044963992002657,-9.287286674650604
1.822,-9.280576638081445,-0.7052909917833445,-0.7052962759964769,-9.281814291304741
1.823,-9.275112770685055,-0.7060909372463595,-0.7060961962014994,-9.276349373320954
1.824,-9.269656364624906,-0.7068909227890431,-0.7068961577521227,-9.270891919757155
1.8250000000000002,-9.2642074189352,-0.7076909463365386,-0.7076961585832996,-9.26544192967304
1.826,-9.25876593265172,-0.7084910058121612,-0.7084961966281466,-9.259999402130038
1.827,-9.253331904811779,-0.709291099137393,-0.709296269817959,-9.254564336191283
1.828,-9.247905334454197,-0.7100912242318969,-0.7100963760822182,-9.249136730921544
1.8290000000000002,-9.242486220619252,-0.7108913790135281,-0.7108965133485978,-9.243716585387213
1.83,-9.237074562348628,-0.7116915613983353,-0.7116966795429795,-9.238303898656248
1.831,-9.231670358685374,-0.7124917693005897,-0.712496872589453,-9.232898669798129
1.832,-9.226273608673871,-0.7132920006327687,-0.7132970904103366,-9.227500897883806
1.833,-9.220884311359777,-0.7140922533055776,-0.7140973309261791,-9.222110581985682
1.834,-9.215502465789987,-0.7148925252279692,-0.7148975920557703,-9.216727721177536
1.835,-9.210128071012592,-0.7156928143071338,-0.7156978717161498,-9.211352314534508
1.8359999999999999,-9.204761126076836,-0.7164931184485235,-0.7164981678226179,-9.205984361133048
1.837,-9.199401630033059,-0.7172934355558513,-0.7172984782887466,-9.200623860050847
1.838,-9.194049581932674,-0.7180937635311091,-0.7180988010263838,-9.19527081036684
1.839,-9.18870498082811,-0.718894100274573,-0.7188991339456656,-9.189925211161118
1.8399999999999999,-9.183367825772773,-0.7196944436848094,-0.719699474955029,-9.184587061514913
1.841,-9.178038115820994,-0.720494791658694,-0.7204998219612104,-9.179256360510536
1.842,-9.172715850027995,-0.7212951420914133,-0.7213001728692754,-9.173933107231349
1.843,-9.16740102744984,-0.7220954928764729,-0.7221005255826003,-9.168617300761706
1.8439999999999999,-9.162093647143392,-0.7228958419057147,-0.7229008780029058,-9.163308940186925
1.845,-9.156793708166264,-0.7236961870693184,-0.7237012280302529,-9.158008024593215
1.846,-9.15150120957678,-0.724496526255818,-0.7245015735630594,-9.152714553067668
1.847,-9.146216150433936,-0.725296857352103,-0.7253019124981009,-9.147428524698194
1.8479999999999999,-9.14093852979734,-0.7260971782434433,-0.7261022427305297,-9.142149938573477
1.849,-9.135668346727178,-0.7268974868134757,-0.7269025621538814,-9.136878793782936
1.85,-9.130405600284169,-0.7276977809442307,-0.727702868660077,-9.131615089416671
1.851,-9.125150289529522,-0.7284980585161387,-0.7285031601394399,-9.126358824565436
1.8519999999999999,-9.119902413524885,-0.7292983174080383,-0.7293034344807069,-9.12110999832058
1.853,-9.114661971332298,-0.7300985554971818,-0.730103689571032,-9.115868609773996
1.854,-9.10942896201416,-0.7308987706592517,-0.730903923295996,-9.1106346580181
1.855,-9.104203384633182,-0.7316989607683656,-0.731704133539618,-9.105408142145764
1.8559999999999999,-9.098985238252327,-0.7324991236970868,-0.7325043181843721,-9.100189061250285
1.857,-9.093774521934785,-0.7332992573164381,-0.7333044751111761,-9.09497741442532
1.858,-9.088571234743908,-0.7340993594959002,-0.7341046021994255,-9.089773200764878
1.859,-9.083375375743191,-0.7348994281034316,-0.7349046973269864,-9.084576419363232
1.8599999999999999,-9.078186943996197,-0.73569946100548,-0.7357047583702125,-9.079387069314906
1.861,-9.073005938566531,-0.7364994560669784,-0.7365047832039475,-9.074205149714608
1.862,-9.067832358517794,-0.7372994111513678,-0.737304769701545,-9.069030659657201
1.863,-9.062666202913537,-0.7380993241206013,-0.7381047157348726,-9.063863598237656
1.8639999999999999,-9.057507470817196,-0.7388991928351538,-0.7389046191743134,-9.058703964550988
1.865,-9.052356161292082,-0.7396990151540318,-0.7397044778887891,-9.053551757692235
1.866,-9.047212273401305,-0.740498788934786,-0.7405042897457604,-9.048406976756398
1.867,-9.042075806207748,-0.7412985120335136,-0.7413040526112452,-9.043269620838403
1.8679999999999999,-9.036946758774004,-0.7420981823048778,-0.7421037643498138,-9.038139689033047
1.869,-9.031825130162353,-0.7428977976021063,-0.7429034228246114,-9.03301718043496
1.87,-9.026710919434695,-0.7436973557770127,-0.7437030258973638,-9.027902094138557
1.871,-9.02160412565252,-0.7444968546799923,-0.7445025714283806,-9.022794429237996
1.8719999999999999,-9.016504747876843,-0.7452962921600468,-0.7453020572765798,-9.017694184827121
1.873,-9.011412785168186,-0.7460956660647848,-0.746101481299477,-9.012601359999428
1.874,-9.006328236586508,-0.7468949742404275,-0.746900841353212,-9.007515953848012
1.875,-9.00125110119118,-0.7476942145318306,-0.7477001352925484,-9.002437965465532
1.876,-8.996181378040912,-0.748493384782484,-0.7484993609708908,-8.997367393944147
1.877,-8.99111906619373,-0.7492924828345291,-0.7492985162402859,-8.992304238375489
1.8780000000000001,-8.986064164706931,-0.7500915065287556,-0.7500975989514347,-8.987248497850599
1.879,-8.98101667263702,-0.7508904537046247,-0.7508966069537114,-8.982200171459905
1.88,-8.975976589039677,-0.7516893222002738,-0.7516955380951534,-8.977159258293153
1.881,-8.970943912969709,-0.752488109852521,-0.7524943902224903,-8.972125757439368
1.8820000000000001,-8.965918643481,-0.7532868144968894,-0.7532931611811429,-8.96709966798681
1.883,-8.960900779626474,-0.7540854339675945,-0.7540918488152364,-8.962080989022935
1.884,-8.955890320458037,-0.7548839660975755,-0.7548904509676075,-8.957069719634337
1.885,-8.950887265026536,-0.7556824087184922,-0.755688965479812,-8.952065858906696
1.8860000000000001,-8.945891612381724,-0.7564807596607355,-0.7564873901921443,-8.947069405924768
1.887,-8.940903361572193,-0.7572790167534426,-0.7572857229436349,-8.94208035977229
1.888,-8.935922511645348,-0.758077177824506,-0.7580839615720654,-8.937098719531967
1.889,-8.930949061647347,-0.7588752407005719,-0.7588821039139808,-8.932124484285414
1.8900000000000001,-8.925983010623062,-0.7596732032070702,-0.7596801478046923,-8.927157653113113
1.891,-8.92102435761603,-0.7604710631682048,-0.7604780910782898,-8.922198225094364
1.892,-8.916073101668413,-0.7612688184069714,-0.7612759315676582,-8.917246199307243
1.893,-8.911129241820937,-0.7620664667451692,-0.7620736671044746,-8.912301574828547
1.8940000000000001,-8.906192777112865,-0.7628640060034091,-0.7628712955192252,-8.907364350733765
1.895,-8.90126370658194,-0.7636614340011189,-0.763668814641218,-8.902434526097009
1.896,-8.896342029264341,-0.7644587485565629,-0.7644662222985822,-8.897512099990985
1.897,-8.89142774419463,-0.7652559474868341,-0.7652635163182855,-8.892597071486941
1.8980000000000001,-8.886520850405724,-0.7660530286078859,-0.766060694526144,-8.88768943965462
1.899,-8.881621346928826,-0.7668499897345243,-0.7668577547468275,-8.882789203562215
1.9,-8.8767292327934,-0.7676468286804278,-0.7676546948038707,-8.877896362276319
1.901,-8.871844507027108,-0.7684435432581491,-0.7684515125196872,-8.873010914861885
1.9020000000000001,-8.866967168655776,-0.7692401312791374,-0.7692482057155652,-8.868132860382174
1.903,-8.862097216703338,-0.770036590553727,-0.7700447722116996,-8.863262197898715
1.904,-8.857234650191801,-0.7708329188911729,-0.7708412098271789,-8.858398926471251
1.905,-8.852379468141189,-0.7716291140996381,-0.7716375163800073,-8.853543045157696
1.9060000000000001,-8.847531669569497,-0.7724251739862129,-0.7724336896871182,-8.84869455301409
1.907,-8.842691253492657,-0.7732210963569303,-0.7732297275643669,-8.843853449094558
1.908,-8.837858218924477,-0.7740168790167655,-0.7740256278265546,-8.839019732451241
1.909,-8.833032564876603,-0.774812519769648,-0.7748213882874375,-8.834193402134279
1.9100000000000001,-8.82821429035847,-0.775608016418477,-0.7756170067597281,-8.829374457191756
1.911,-8.823403394377262,-0.7764033667651242,-0.7764124810551104,-8.824562896669637
1.912,-8.818599875937856,-0.7771985686104459,-0.7772078089842485,-8.819758719611734
1.913,-8.813803734042777,-0.7779936197542949,-0.7780029883567998,-8.814961925059668
1.9140000000000001,-8.809014967692166,-0.7787885179955287,-0.7787980169814152,-8.810172512052812
1.915,-8.804233575883721,-0.7795832611320154,-0.7795928926657607,-8.80539047962824
1.916,-8.799459557612646,-0.7803778469606513,-0.7803876132165123,-8.8006158268207
1.917,-8.794692911871621,-0.781172273277365,-0.7811821764393831,-8.795848552662541
1.9180000000000001,-8.789933637650748,-0.7819665378771241,-0.7819765801391144,-8.791088656183689
1.919,-8.7851817339375,-0.7827606385539564,-0.7827708221195067,-8.786336136411595
1.92,-8.780437199716681,-0.7835545731009461,-0.7835649001834055,-8.781590992371179
1.921,-8.775700033970379,-0.7843483393102492,-0.7843588121327298,-8.776853223084796
1.9220000000000002,-8.770970235677922,-0.7851419349731155,-0.7851525557684733,-8.772122827572185
1.923,-8.766247803815832,-0.7859353578798678,-0.7859461288907109,-8.767399804850418
1.924,-8.76153273735777,-0.7867286058199459,-0.7867395292986213,-8.762684153933868
1.925,-8.756825035274503,-0.7875216765818942,-0.7875327547904785,-8.75797587383414
1.9260000000000002,-8.75212469653385,-0.7883145679533766,-0.7883258031636803,-8.75327496356005
1.927,-8.747431720100641,-0.7891072777211926,-0.7891186722147374,-8.748581422117562
1.928,-8.742746104936668,-0.789899803671277,-0.7899113597393075,-8.743895248509748
1.929,-8.73806785000064,-0.7906921435887183,-0.7907038635321786,-8.739216441736735
1.9300000000000002,-8.733396954248132,-0.7914842952577629,-0.7914961813872977,-8.734545000795675
1.931,-8.728733416631558,-0.7922762564618248,-0.7922883110977758,-8.729880924680684
1.932,-8.724077236100099,-0.7930680249835041,-0.7930802504558918,-8.725224212382795
1.933,-8.719428411599676,-0.7938595986045818,-0.7938719972531108,-8.720574862889922
1.9340000000000002,-8.714786942072898,-0.7946509751060417,-0.7946635492800852,-8.715932875186818
1.935,-8.710152826459021,-0.7954421522680738,-0.795454904326668,-8.711298248255005
1.936,-8.705526063693894,-0.7962331278700898,-0.7962460601819249,-8.706670981072758
1.937,-8.700906652709916,-0.797023899690727,-0.7970370146341434,-8.702051072615033
1.9380000000000002,-8.696294592436002,-0.7978144655078576,-0.7978277654708343,-8.69743852185344
1.939,-8.691689881797522,-0.7986048230986067,-0.7986183104787545,-8.692833327756194
1.94,-8.687092519716265,-0.7993949702393499,-0.7994086474439059,-8.688235489288054
1.941,-8.682502505110378,-0.8001849047057346,-0.8001987741515505,-8.683645005410298
1.9420000000000002,-8.677919836894358,-0.8009746242726812,-0.800988688386217,-8.679061875080667
1.943,-8.673344513978961,-0.8017641267144016,-0.8017783879317124,-8.674486097253315
1.944,-8.668776535271187,-0.802553409804399,-0.8025678705711323,-8.669917670878778
1.945,-8.664215899674224,-0.8033424713154818,-0.8033571340868675,-8.66535659490391
1.9460000000000002,-8.659662606087405,-0.8041313090197727,-0.8041461762606164,-8.660802868271851
1.947,-8.655116653406164,-0.8049199206887232,-0.8049349948733937,-8.65625648992198
1.948,-8.650578040521985,-0.80570830409312,-0.8057235877055379,-8.651717458789859
1.949,-8.646046766322366,-0.8064964570030928,-0.8065119525367255,-8.647185773807202
1.9500000000000002,-8.641522829690768,-0.807284377188124,-0.8073000871459763,-8.642661433901818
1.951,-8.637006229506575,-0.8080720624170603,-0.8080879893116673,-8.638144437997576
1.952,-8.632496964645043,-0.8088595104581229,-0.8088756568115372,-8.633634785014353
1.953,-8.627995033977253,-0.809646719078917,-0.8096630874226969,-8.629132473867985
1.9540000000000002,-8.62350043637008,-0.8104336860464422,-0.8104502789216468,-8.624637503470234
1.955,-8.619013170686141,-0.8112204091270969,-0.811237229084274,-8.620149872728732
1.956,-8.614533235783737,-0.8120068860866947,-0.8120239356858717,-8.615669580546935
1.957,-8.610060630516836,-0.8127931146904706,-0.8128103965011453,-8.611196625824094
1.9580000000000002,-8.605595353734998,-0.8135790927030956,-0.8135966093042236,-8.606731007455192
1.959,-8.601137404283365,-0.814364817888673,-0.8143825718686613,-8.602272724330907
1.96,-8.59668678100258,-0.8151502880107675,-0.8151682819674593,-8.597821775337565
1.9609999999999999,-8.592243482728767,-0.8159355008324041,-0.8159537373730681,-8.593378159357094
1.962,-8.587807508293476,-0.8167204541160683,-0.8167389358573987,-8.588941875266988
1.963,-8.583378856523652,-0.817505145623739,-0.8175238751918313,-8.584512921940249
1.964,-8.57895752624157,-0.8182895731168804,-0.8183085531472261,-8.580091298245357
1.9649999999999999,-8.574543516264812,-0.8190737343564548,-0.8190929674939346,-8.575677003046208
1.966,-8.570136825406209,-0.8198576271029367,-0.8198771160018014,-8.571270035202085
1.967,-8.565737452473797,-0.8206412491163194,-0.8206609964401881,-8.56687039356761
1.968,-8.561345396270791,-0.8214245981561262,-0.8214446065779633,-8.562478076992692
1.9689999999999999,-8.556960655595521,-0.8222076719814162,-0.8222279441835378,-8.55809308432249
1.97,-8.552583229241385,-0.8229904683508051,-0.8230110070248441,-8.553715414397367
1.971,-8.548213115996834,-0.8237729850224569,-0.823793792869373,-8.549345066052842
1.972,-8.543850314645297,-0.8245552197541122,-0.8245762994841643,-8.544982038119558
1.9729999999999999,-8.539494823965155,-0.8253371703030822,-0.8253585246358307,-8.540626329423224
1.974,-8.535146642729694,-0.8261188344262695,-0.826140466090557,-8.536277938784574
1.975,-8.53080576970706,-0.8269002098801793,-0.8269221216141094,-8.531936865019329
1.976,-8.526472203660218,-0.8276812944209095,-0.8277034889718548,-8.527603106938153
1.9769999999999999,-8.522145943346901,-0.8284620858041907,-0.8284845659287647,-8.523276663346598
1.978,-8.517826987519584,-0.8292425817853677,-0.8292653502494219,-8.518957533045073
1.979,-8.51351533492542,-0.8300227801194304,-0.8300458396980327,-8.514645714828799
1.98,-8.509210984306216,-0.830802678561009,-0.8308260320384365,-8.510341207487755
1.9809999999999999,-8.504913934398374,-0.8315822748643862,-0.83160592503412,-8.506044009806647
1.982,-8.500624183932858,-0.8323615667835187,-0.8323855164482166,-8.50175412056486
1.983,-8.496341731635153,-0.8331405520720342,-0.8331648040435258,-8.497471538536407
1.984,-8.492066576225215,-0.8339192284832414,-0.8339437855825149,-8.493196262489903
1.9849999999999999,-8.487798716417434,-0.8346975937701504,-0.8347224588273362,-8.488928291188506
1.986,-8.48353815092058,-0.8354756456854642,-0.835500821539832,-8.484667623389878
1.987,-8.479284878437783,-0.8362533819816155,-0.8362788714815429,-8.480414257846146
1.988,-8.475038897666474,-0.8370308004107425,-0.8370566064137199,-8.476168193303863
1.9889999999999999,-8.47080020729834,-0.8378078987247337,-0.837834024097339,-8.47192942850395
1.99,-8.466568806019298,-0.838584674675205,-0.8386111222930954,-8.467697962181665
1.991,-8.462344692509433,-0.8393611260135371,-0.839387898761431,-8.463473793066559
1.992,-8.458127865442977,-0.8401372504908633,-0.8401643512625346,-8.459256919882433
1.9929999999999999,-8.453918323488253,-0.8409130458580985,-0.8409404775563517,-8.455047341347298
1.994,-8.449716065307628,-0.8416885098659266,-0.84171627540259,-8.450845056173318
1.995,-8.445521089557499,-0.8424636402648328,-0.8424917425607468,-8.44665006306679
1.996,-8.441333394888217,-0.8432384348051013,-0.8432668767900954,-8.442462360728092
1.9969999999999999,-8.43715297994407,-0.8440128912368245,-0.8440416758497096,-8.43828194785163
1.998,-8.432979843363222,-0.8447870073099152,-0.8448161374984632,-8.434108823125818
1.999,-8.428813983777697,-0.8455607807741181,-0.8455902594950577,-8.42994298523301
2.0,-8.424655399813316,-0.8463342093790137,-0.8463640395980065,-8.42578443284949
