pol,rank,delta_mag,frequency_ghz,combined_response,combined_source,response_semantic,source_semantic,baseline_response,baseline_source,combined_db,baseline_db,combined_phase_deg,baseline_phase_deg
PolA,1,0.7037929224295505,1.3432,1,1,A_P_E_UP,A_P_E_UP,1,1,-11.590764119321364,-0.5929519516520633,-15.306275935583379,-40.13905030664214
PolA,2,0.19416263240790413,1.6496,1,4,A_P_E_UP,A_N_E_UP,1,4,-23.76993135874137,-16.383753071084882,119.74166478421357,-2.5835750100049046
PolA,3,0.19416001798066496,1.6496,4,1,A_N_E_UP,A_P_E_UP,4,1,-23.76982914497722,-16.383967902308086,119.74202128553435,-2.583769341058594
PolA,4,0.10951330832326701,1.6496,4,4,A_N_E_UP,A_N_E_UP,4,4,-1.3114069719097312,-1.0129256272079876,-55.59684272803097,-48.695262850611414
PolA,5,0.00607398003221867,1.6496,2,1,A_P_P_IN,A_P_E_UP,2,1,-37.39636343996395,-34.60666318773776,70.38452465159439,58.49844141294705
PolA,6,0.006064801944152547,1.6496,1,2,A_P_E_UP,A_P_P_IN,1,2,-37.3871585322936,-34.60657135513636,70.39009712235324,58.492329872228225
PolA,7,0.0035083469222181307,1.6496,5,5,A_N_P_IN,A_N_P_IN,5,5,-0.0019943976350671904,-0.0017570130916000435,-6.6188941263350385,-6.417843236103016
PolA,8,0.0029361457378026083,1.6496,2,2,A_P_P_IN,A_P_P_IN,2,2,-0.0016004583023962848,-0.001804825160728894,-6.610227780578823,-6.441971381664066
PolA,9,0.002483125850652526,1.6496,5,1,A_N_P_IN,A_P_E_UP,5,1,-63.00987524053178,-54.543624562097115,-18.81629175602368,125.50710151903397
PolA,10,0.0024759900727035614,1.6496,1,5,A_P_E_UP,A_N_P_IN,1,5,-63.11394067410677,-54.543136447802276,-18.881711005574186,125.50104868781678
PolA,11,0.001560059097543077,1.6496,5,4,A_N_P_IN,A_N_E_UP,5,4,-34.202490413542876,-34.62880659001827,56.960878731286144,60.726513342965625
PolA,12,0.001553666149140184,1.6496,4,5,A_N_E_UP,A_N_P_IN,4,5,-34.206059371422,-34.62877029457011,56.95948771805014,60.720006284399844
PolB,1,0.700674941097189,1.34,10,10,B_N_E_UP,B_N_E_UP,4,4,-11.461859640128871,-0.5463169025364946,-17.313447516962302,-40.23606645284667
PolB,2,0.1886902625205913,1.6496,7,10,B_P_E_UP,B_N_E_UP,1,4,-23.633151359737848,-16.87600684098019,121.98294464861945,-2.7325663246934617
PolB,3,0.1886715070287031,1.6496,10,7,B_N_E_UP,B_P_E_UP,4,1,-23.633204691035576,-16.877152558265667,121.98050645517509,-2.7345379640601117
PolB,4,0.09814154122496839,1.6496,7,7,B_P_E_UP,B_P_E_UP,1,1,-1.229749532595483,-0.9608144591055378,-55.627581591501695,-49.497518069468164
PolB,5,0.006731233528242234,1.6496,11,10,B_N_P_IN,B_N_E_UP,5,4,-36.84274224643613,-34.00224873907153,71.62518131387215,58.78409971558979
PolB,6,0.006722119315609872,1.6496,10,11,B_N_E_UP,B_N_P_IN,4,5,-36.83592279704438,-34.00215361352883,71.61412324176848,58.77792884418451
PolB,7,0.002706538147753962,1.6496,8,10,B_P_P_IN,B_N_E_UP,2,4,-61.34262466573155,-54.46070651514111,-25.680634673651557,132.53822577908585
PolB,8,0.0026917062391162943,1.6496,10,8,B_N_E_UP,B_P_P_IN,4,2,-61.49095586247819,-54.46327659504473,-25.64313642958353,132.50592631658662
PolB,9,0.0025847088950776164,1.6496,11,11,B_N_P_IN,B_N_P_IN,5,5,-0.0016601706746642204,-0.001987169765889903,-7.288385709377792,-7.140277367082342
PolB,10,0.0023989667300716388,1.6496,8,8,B_P_P_IN,B_P_P_IN,2,2,-0.002293219402053005,-0.002054788852921349,-7.2964741972403235,-7.1589980848077355
PolB,11,0.001564168789203772,1.6496,11,7,B_N_P_IN,B_P_E_UP,5,1,-67.20281265057407,-54.69257436313892,167.20832320666509,122.26265469474511
PolB,12,0.0015605956802050196,1.6496,7,11,B_P_E_UP,B_N_P_IN,1,5,-67.17631920094964,-54.689975150219006,166.64645695825857,122.23336382729926
