rank,gamma_mag,gamma_phase_deg,z_real_ohm,z_imag_ohm,worst_delta,worst_mode_degradation_db,worst_imbalance_db,worst_score,passes_both
1,1.0,20.0,-2.0148440496888434e-14,283.5640909808855,0.10475602425277344,8.763814039999634,0.6754623155429578,2.9212713466665448,False
2,0.9500000000000001,20.0,41.636766305936206,277.50937724297455,0.1296111818170062,8.997475360333109,1.1684042337881713,2.9991584534443696,False
3,0.9000000000000001,20.0,80.13274531778123,259.6453866821072,0.16415048628030737,10.17594435311991,1.6644243840332908,3.3919814510399697,False
4,0.8500000000000001,19.999999999999996,110.97998394844852,232.53175865859086,0.20191434266895045,11.678564253301083,2.162694361304699,3.892854751100361,False
5,0.8,19.999999999999996,131.87604757809336,200.46339863947657,0.24012404108433844,13.145281530437401,2.661743870704051,4.3817605101458,False
6,0.9,29.999999999999996,37.825356819186744,179.17274282772672,0.25950034889395257,13.66363543896841,0.9931087056017729,4.554545146322803,False
7,0.8500000000000001,29.999999999999996,55.44304589459487,169.82554598344385,0.25848378574617703,13.730892360003352,1.52887830119273,4.576964120001118,False
8,0.9500000000000001,29.999999999999996,18.965054025181672,184.7877058863858,0.28313948340986184,14.22619867886462,0.34246101623111613,4.742066226288206,False
9,0.8,29.999999999999996,70.76602342644469,157.2578298365438,0.2740521942868134,14.291266691431215,2.026159233641174,4.763755563810405,False
10,0.75,20.0,143.01024547350139,167.69960452760915,0.27757885380514885,14.462110166731158,3.1594802677056286,4.820703388910386,False
11,0.75,29.999999999999996,83.02908493155071,142.33557416837263,0.29853901169713876,15.169170014884582,2.5237149646169783,5.056390004961528,False
12,0.7000000000000001,20.0,146.1901715628731,137.25485647653556,0.3137426564906945,15.619490066561479,3.6532573276906577,5.206496688853826,False
13,1.0,29.999999999999996,-0.0,186.6025403784439,0.34843338860568074,15.711486312814593,0.868382723575881,5.237162104271531,False
14,0.9,10.0,254.37767526229067,418.4736607747607,0.287011736255084,15.927816972235227,2.7442755802822694,5.309272324078409,False
15,0.95,10.0,155.42669048931677,525.9504304832469,0.27975753480461674,15.973068752842952,2.2414880006322955,5.324356250947651,False
16,0.7000000000000001,29.999999999999993,91.87055981216436,126.09684680100993,0.3266277367539549,16.096919598067608,3.0291313022274395,5.365639866022536,False
17,0.85,10.0,287.10765646631233,305.4224370353765,0.3008965809327179,16.103384291317298,3.243973913014063,5.367794763772433,False
18,0.9999999999999999,10.0,1.421269610789889e-13,571.5026151380672,0.28081973572160707,16.260919175678115,1.7369376712636144,5.420306391892705,False
19,0.7999999999999999,10.0,279.90472897464764,216.02198269690484,0.3196191718408249,16.450494393568533,3.738749771638431,5.483498131189511,False
20,0.65,20.0,143.72851418925555,110.65880715132985,0.3483898431089356,16.698893925171575,4.1399699764499776,5.566297975057192,False
21,0.7499999999999999,10.000000000000002,256.4827991958966,152.70092805696228,0.34159198415173236,16.91129075077942,4.2262080002758395,5.637096916926473,False
22,0.65,29.999999999999996,97.33135948883805,109.55044790951469,0.3555962913628997,16.973872488416752,3.543750172569265,5.657957496138917,False
23,0.8,40.0,43.443748168605055,124.11156907165162,0.36306941534586257,17.12357631768227,2.507860289404282,5.7078587725607575,False
24,0.8500000000000001,40.0,33.01806953173317,130.01848715064304,0.3670333101969142,17.12671890185673,2.206672629597141,5.70890630061891,False
25,0.75,40.0,52.91058589406562,116.60663668786547,0.36905652160523333,17.34949231775426,2.8418267534085597,5.783164105918087,False
26,0.8999999999999999,40.0,22.035628009432486,134.1874293738144,0.38805075462504107,17.38817936307587,1.943309719700598,5.796059787691957,False
27,0.7000000000000001,10.0,229.17404299797255,109.24297433181363,0.3655580490252699,17.43454594924102,4.703363164017059,5.811515316413673,False
28,0.6000000000000001,20.0,137.71208707020062,88.3130770451756,0.3814550121373387,17.6173880826626,4.616151549662115,5.872462694220867,False
29,0.7,40.0,61.072317868785994,107.76302139068797,0.38139731263561677,17.70325448660302,3.226286954749543,5.901084828867673,False
30,0.6000000000000001,29.999999999999996,99.76010330733166,93.52509685062346,0.38453819605460676,17.773451208184323,4.055909655289287,5.924483736061441,False
