frequency_ghz,min_worst_delta,best_gamma_mag,best_gamma_phase_deg
1.1504,0.05873281510295058,1.0,20.0
1.1512,0.05850060658132618,1.0,20.0
1.152,0.05826812898224956,1.0,20.0
1.1528,0.05803545311000778,1.0,20.0
1.1536,0.05780264625689151,1.0,20.0
1.1544,0.05756977223693756,1.0,20.0
1.1552,0.05742310374858346,1.0,20.0
1.156,0.05743163731337843,1.0,20.0
1.1568,0.05744054178019457,1.0,20.0
1.1576,0.05744981749020331,1.0,20.0
1.1584,0.057459463925716325,1.0,20.0
1.1592,0.05746947977682765,1.0,20.0
1.16,0.057479863004942684,1.0,20.0
1.1608,0.05749061090325018,1.0,20.0
1.1616,0.05750172015420493,1.0,20.0
1.1624,0.05751318688408816,1.0,20.0
1.1632,0.05752500671472385,1.0,20.0
1.164,0.057537174812430626,1.0,20.0
1.1648,0.057549685934292154,1.0,20.0
1.1656,0.05756253447183141,1.0,20.0
1.1664,0.05757571449217724,1.0,20.0
1.1672,0.057589219776810495,1.0,20.0
1.168,0.05760304385798021,1.0,20.0
1.1688,0.057617180052877616,1.0,20.0
1.1696,0.05763162149565919,1.0,20.0
1.1703999999999999,0.05764636116740324,1.0,20.0
1.1712,0.057661391924092274,1.0,20.0
1.172,0.057676706522702084,1.0,20.0
1.1728,0.05769229902331677,1.0,20.0
1.1736,0.057708433623539994,1.0,20.0
1.1743999999999999,0.057724814892494467,1.0,20.0
1.1752,0.057741435638809006,1.0,20.0
1.176,0.05775828869874397,1.0,20.0
1.1768,0.057775366950552,1.0,20.0
1.1776,0.05779266332760787,1.0,20.0
1.1784,0.05781017083037282,1.0,20.0
1.1792,0.05782788253726051,1.0,20.0
1.18,0.057845791614463585,1.0,20.0
1.1808,0.05786389132480366,1.0,20.0
1.1816,0.057882175035660406,1.0,20.0
1.1824,0.057900636226035716,1.0,20.0
1.1832,0.05791926849280466,1.0,20.0
1.184,0.05793806555620467,1.0,20.0
1.1848,0.05795702126461089,1.0,20.0
1.1856,0.0579761295986432,1.0,20.0
1.1864,0.057995384674649535,1.0,20.0
1.1872,0.05801478074760631,1.0,20.0
1.188,0.05803431221347755,1.0,20.0
1.1888,0.05805397361106764,1.0,20.0
1.1896,0.05807375962340728,1.0,20.0
1.1904,0.05809366507870339,1.0,20.0
1.1912,0.05811368495088711,1.0,20.0
1.192,0.05813381435979065,1.0,20.0
1.1928,0.05815404857098074,1.0,20.0
1.1936,0.05817438299527763,1.0,20.0
1.1944,0.0581948131879836,1.0,20.0
1.1952,0.05821533484784841,1.0,20.0
1.196,0.05823594381579094,1.0,20.0
1.1968,0.05825663607340211,1.0,20.0
1.1976,0.05827740774124721,1.0,20.0
1.1984,0.05829825507698872,1.0,20.0
1.1992,0.05831917447334603,1.0,20.0
1.2,0.05834016245590987,1.0,20.0
1.2008,0.058361215680827284,1.0,20.0
1.2016,0.05838233093237216,1.0,20.0
1.2024,0.05840350512041462,1.0,20.0
1.2032,0.05842473527780307,1.0,20.0
1.204,0.05844601855766996,1.0,20.0
1.2048,0.05846735223067491,1.0,20.0
1.2056,0.05848873368219166,1.0,20.0
1.2064,0.05851016040945352,1.0,20.0
1.2072,0.058531630018662795,1.0,20.0
1.208,0.05855314022207392,1.0,20.0
1.2088,0.058574688835058335,1.0,20.0
1.2096,0.05859627377315797,1.0,20.0
1.2104,0.0586178930491338,1.0,20.0
1.2112,0.05863954477001691,1.0,20.0
1.212,0.05866122713416532,1.0,20.0
1.2128,0.058682938428333956,1.0,20.0
1.2136,0.05870467702476202,1.0,20.0
1.2144,0.05872644137828089,1.0,20.0
1.2152,0.05874823002344802,1.0,20.0
1.216,0.05877004157170898,1.0,20.0
1.2168,0.05879187470859332,1.0,20.0
1.2176,0.058813728190943035,1.0,20.0
1.2184,0.058835600844180824,1.0,20.0
1.2192,0.0588574915596172,1.0,20.0
1.22,0.05887939929180008,1.0,20.0
1.2208,0.05890132305590779,1.0,20.0
1.2216,0.058923261925188014,1.0,20.0
1.2224,0.058945215028443625,1.0,20.0
1.2232,0.058967181547565875,1.0,20.0
1.224,0.058989160715116895,1.0,20.0
1.2248,0.05901115181196271,1.0,20.0
1.2256,0.059033154164955554,1.0,20.0
1.2264,0.05905516714466801,1.0,20.0
1.2272,0.059077190163178174,1.0,20.0
1.228,0.05909926352794391,1.0,20.0
1.2288000000000001,0.059121375425272224,1.0,20.0
1.2296,0.05914349404230919,1.0,20.0
1.2304,0.05916561888453935,1.0,20.0
1.2312,0.05918774949306686,1.0,20.0
1.232,0.05920988544257241,1.0,20.0
1.2328000000000001,0.05923202633932222,1.0,20.0
1.2336,0.05925417181922998,1.0,20.0
1.2344,0.05927632154596941,1.0,20.0
1.2352,0.059298475209139126,1.0,20.0
1.236,0.05932063252247751,1.0,20.0
1.2368000000000001,0.05934279322212922,1.0,20.0
1.2376,0.05936495706496013,1.0,20.0
1.2384,0.059387123826922544,1.0,20.0
1.2392,0.05940929330146857,1.0,20.0
1.24,0.059431465298011514,1.0,20.0
1.2408000000000001,0.05945363964043486,1.0,20.0
1.2416,0.0594758161656466,1.0,20.0
1.2424,0.05949799472218152,1.0,20.0
1.2432,0.05952017516884553,1.0,20.0
1.244,0.05954235737340688,1.0,20.0
1.2448000000000001,0.05956454121132907,1.0,20.0
1.2456,0.05958672656454694,1.0,20.0
1.2464,0.05960891332028437,1.0,20.0
1.2472,0.05963110136991281,1.0,20.0
1.248,0.059653290607849824,1.0,20.0
1.2488000000000001,0.059675480930497085,1.0,20.0
1.2496,0.059697672235216596,1.0,20.0
1.2504,0.059719864419343925,1.0,20.0
1.2512,0.05974205737923878,1.0,20.0
1.252,0.059764251009371286,1.0,20.0
1.2528000000000001,0.05978644520144287,1.0,20.0
1.2536,0.05980863984354169,1.0,20.0
1.2544,0.059830834819330984,1.0,20.0
1.2552,0.059853030007270616,1.0,20.0
1.256,0.05987522527986962,1.0,20.0
1.2568000000000001,0.05989742050296964,1.0,20.0
1.2576,0.05991961553505961,1.0,20.0
1.2584,0.05994181022661829,1.0,20.0
1.2591999999999999,0.05996400441948634,1.0,20.0
1.26,0.05998619794626563,1.0,20.0
1.2608000000000001,0.06000839062974654,1.0,20.0
1.2616,0.06003058228236075,1.0,20.0
1.2624,0.06005277270565974,1.0,20.0
1.2631999999999999,0.06007496168981868,1.0,20.0
1.264,0.06009714901316457,1.0,20.0
1.2648000000000001,0.060119334441727595,1.0,20.0
1.2656,0.06014151772881548,1.0,20.0
1.2664,0.06016369861461,1.0,20.0
1.2671999999999999,0.0601858768257859,1.0,20.0
1.268,0.06020805207514981,1.0,20.0
1.2688000000000001,0.06023022406130021,1.0,20.0
1.2696,0.06025239246830678,1.0,20.0
1.2704,0.060274556965409454,1.0,20.0
1.2711999999999999,0.06029671720673599,1.0,20.0
1.272,0.06031887283103718,1.0,20.0
1.2728,0.06034102346144049,1.0,20.0
1.2736,0.060363168705220016,1.0,20.0
1.2744,0.06038530815358352,1.0,20.0
1.2752,0.06040744138147491,1.0,20.0
1.276,0.06042956794739295,1.0,20.0
1.2768,0.06045168739322484,1.0,20.0
1.2776,0.060473799244094045,1.0,20.0
1.2784,0.06049590300822265,1.0,20.0
1.2792,0.0605179981768077,1.0,20.0
1.28,0.060540084223910134,1.0,20.0
1.2808,0.060562160606357274,1.0,20.0
1.2816,0.06058422676365788,1.0,20.0
1.2824,0.06060628211792862,1.0,20.0
1.2832,0.060628326073832915,1.0,20.0
1.284,0.06065035801853113,1.0,20.0
1.2848,0.060672377321641456,1.0,20.0
1.2856,0.06069438333521142,1.0,20.0
1.2864,0.06071637539370086,1.0,20.0
1.2872,0.06073835281397282,1.0,20.0
1.288,0.06076031489529637,1.0,20.0
1.2888,0.06078226091935725,1.0,20.0
1.2896,0.06080419015027838,1.0,20.0
1.2904,0.060826101834649225,1.0,20.0
1.2912,0.060847995201562866,1.0,20.0
1.292,0.060869869462662506,1.0,20.0
1.2928,0.06089172381219542,1.0,20.0
1.2936,0.06091359877261848,1.0,20.0
1.2944,0.06093545487098835,1.0,20.0
1.2952,0.06095728865545399,1.0,20.0
1.296,0.0609790992251748,1.0,20.0
1.2968,0.061000885662920626,1.0,20.0
1.2976,0.061022647035173704,1.0,20.0
1.2984,0.06104438239223645,1.0,20.0
1.2992,0.06106609076834453,1.0,20.0
1.3,0.06108777118178495,1.0,20.0
1.3008,0.061109422635020345,1.0,20.0
1.3016,0.06113104411481742,1.0,20.0
1.3024,0.061152634592381495,1.0,20.0
1.3032,0.06117419302349449,1.0,20.0
1.304,0.06119571834865875,1.0,20.0
1.3048,0.06121720949324443,1.0,20.0
1.3056,0.061238665367642095,1.0,20.0
1.3064,0.06126008486741908,1.0,20.0
1.3072,0.06128146687348009,1.0,20.0
1.308,0.06130281025223167,1.0,20.0
1.3088,0.06132411385575124,1.0,20.0
1.3096,0.061345376521958414,1.0,20.0
1.3104,0.06136659707479202,1.0,20.0
1.3112,0.061387774324388966,1.0,20.0
1.312,0.061408907067267315,1.0,20.0
1.3128,0.061429994086512826,1.0,20.0
1.3136,0.06145103415196852,1.0,20.0
1.3144,0.061472026020427235,1.0,20.0
1.3152,0.06149296843582822,1.0,20.0
1.316,0.06151386012945524,1.0,20.0
1.3168,0.06153469982013907,1.0,20.0
1.3176,0.06155548621446194,1.0,20.0
1.3184,0.06157621800696515,1.0,20.0
1.3192,0.06159689388035926,1.0,20.0
1.32,0.06161751250573728,1.0,20.0
1.3208,0.061638072542789205,1.0,20.0
1.3216,0.06165857264002133,1.0,20.0
1.3224,0.061679011434975506,1.0,20.0
1.3232,0.06169938755445262,1.0,20.0
1.324,0.0617196996147374,1.0,20.0
1.3248,0.061739946221825784,1.0,20.0
1.3256000000000001,0.06176012597165505,1.0,20.0
1.3264,0.06178023745033493,1.0,20.0
1.3272,0.06180027923438188,1.0,20.0
1.328,0.0618202498909552,1.0,20.0
1.3288,0.0618401479780946,1.0,20.0
1.3296000000000001,0.06185997204496067,1.0,20.0
1.3304,0.0618797206320764,1.0,20.0
1.3312,0.061899392271571,1.0,20.0
1.332,0.061918985487425596,1.0,20.0
1.3328,0.06193849879572087,1.0,20.0
1.3336000000000001,0.06195793070488593,1.0,20.0
1.3344,0.06197727971594892,1.0,20.0
1.3352,0.061996544322790406,1.0,20.0
1.336,0.062015723012397245,1.0,20.0
1.3368,0.06203481426511785,1.0,20.0
1.3376000000000001,0.06205381655492026,1.0,20.0
1.3384,0.062072728349650996,1.0,20.0
1.3392,0.062091548111295185,1.0,20.0
1.34,0.062110274296238825,1.0,20.0
1.3408,0.062128905355531554,1.0,20.0
1.3416000000000001,0.062147439735152195,1.0,20.0
1.3424,0.06216587587627384,1.0,20.0
1.3432,0.062184212215532206,1.0,20.0
1.344,0.06220244718529398,1.0,20.0
1.3448,0.06222057921392662,1.0,20.0
1.3456000000000001,0.06223860672606965,1.0,20.0
1.3464,0.06225652814290759,1.0,20.0
1.3472,0.06227434188244291,1.0,20.0
1.348,0.062292046359771085,1.0,20.0
1.3488,0.06230963998735674,1.0,20.0
1.3496000000000001,0.06232712117530995,1.0,20.0
1.3504,0.0623444883316648,1.0,20.0
1.3512,0.062361739862658264,1.0,20.0
1.352,0.062378874173010176,1.0,20.0
1.3528,0.06239588966620406,1.0,20.0
1.3536000000000001,0.06241278474476956,1.0,20.0
1.3544,0.06242955781056441,1.0,20.0
1.3552,0.06244620726505887,1.0,20.0
1.356,0.06246273150961998,1.0,20.0
1.3568,0.06247912894579648,1.0,20.0
1.3576000000000001,0.06249539797560557,1.0,20.0
1.3584,0.06251153700181915,1.0,20.0
1.3592,0.06252754442825148,1.0,20.0
1.36,0.06254341866004755,1.0,20.0
1.3608,0.06255915810397167,1.0,20.0
1.3616000000000001,0.06257476116869704,1.0,20.0
1.3624,0.06259022626509572,1.0,20.0
1.3632,0.06260555180652921,1.0,20.0
1.3639999999999999,0.06262073620913915,1.0,20.0
1.3648,0.06263577789213921,1.0,20.0
1.3656000000000001,0.06265067527810708,1.0,20.0
1.3664,0.06266542679327652,1.0,20.0
1.3672,0.06268003086782999,1.0,20.0
1.3679999999999999,0.0626944859361919,1.0,20.0
1.3688,0.0627087904373219,1.0,20.0
1.3696000000000002,0.0627229428150083,1.0,20.0
1.3704,0.06273694151816173,1.0,20.0
1.3712,0.06275078500110923,1.0,20.0
1.3719999999999999,0.06276447172388845,1.0,20.0
1.3728,0.06277800015254129,1.0,20.0
1.3736000000000002,0.06279136875940844,1.0,20.0
1.3744,0.06280457602342365,1.0,20.0
1.3752,0.06281762043040769,1.0,20.0
1.376,0.06283050047336243,1.0,20.0
1.3768,0.06284321465276514,1.0,20.0
1.3776,0.06285576147686182,1.0,20.0
1.3784,0.06286813946196125,1.0,20.0
1.3792,0.06288034713272796,1.0,20.0
1.38,0.0628923830224758,1.0,20.0
1.3808,0.06290424567346035,1.0,20.0
1.3816,0.06291593363717103,1.0,20.0
1.3824,0.06292744547462392,1.0,20.0
1.3832,0.06293877975665213,1.0,20.0
1.384,0.06294993506419763,1.0,20.0
1.3848,0.06296090998860107,1.0,20.0
1.3856,0.06297170313189193,1.0,20.0
1.3864,0.06298231310707711,1.0,20.0
1.3872,0.06299273853843008,1.0,20.0
1.388,0.06300297806177779,1.0,20.0
1.3888,0.06301303032478754,1.0,20.0
1.3896,0.06302289398725364,1.0,20.0
1.3904,0.06303256772138136,1.0,20.0
1.3912,0.0630420502120721,1.0,20.0
1.392,0.06305134015720545,1.0,20.0
1.3928,0.063060436267922,1.0,20.0
1.3936,0.06306933726890353,1.0,20.0
1.3944,0.06307804189865308,1.0,20.0
1.3952,0.06308654890977328,1.0,20.0
1.396,0.06309485706924366,1.0,20.0
1.3968,0.06310296515869611,1.0,20.0
1.3976,0.06311087197468984,1.0,20.0
1.3984,0.06311857632898385,1.0,20.0
1.3992,0.06312607704880895,1.0,20.0
1.4,0.06313337297713717,1.0,20.0
1.4008,0.06314046297295041,1.0,20.0
1.4016,0.06314734591150703,1.0,20.0
1.4024,0.06315402068460667,1.0,20.0
1.4032,0.06316048620085361,1.0,20.0
1.404,0.0631667413859178,1.0,20.0
1.4048,0.06317278518279416,1.0,20.0
1.4056,0.06317861655206063,1.0,20.0
1.4064,0.0631842344721329,1.0,20.0
1.4072,0.06318963793951808,1.0,20.0
1.408,0.06319482596906593,1.0,20.0
1.4088,0.06319979759421772,1.0,20.0
1.4096,0.06320455186725332,1.0,20.0
1.4104,0.06320908785953533,1.0,20.0
1.4112,0.06321867688895737,1.0,20.0
1.412,0.06322813573068786,1.0,20.0
1.4128,0.06323734586159165,1.0,20.0
1.4136,0.06324630631982762,1.0,20.0
1.4144,0.0632550161642892,1.0,20.0
1.4152,0.06326347447486494,1.0,20.0
1.416,0.06327168035269531,1.0,20.0
1.4168,0.06327963292042808,1.0,20.0
1.4176,0.0632873313224696,1.0,20.0
1.4184,0.06329477472523364,1.0,20.0
1.4192,0.06330196231738686,1.0,20.0
1.42,0.06330889331009136,1.0,20.0
1.4208,0.06331556693724458,1.0,20.0
1.4216,0.06332198245571415,1.0,20.0
1.4224,0.06332813914557174,1.0,20.0
1.4232,0.06333403631032188,1.0,20.0
1.424,0.06333967327712803,1.0,20.0
1.4248,0.06334504939703466,1.0,20.0
1.4256,0.06335016404518633,1.0,20.0
1.4264000000000001,0.06335501662104255,1.0,20.0
1.4272,0.06335960654858978,1.0,20.0
1.428,0.06336393327654768,1.0,20.0
1.4288,0.06336799627857476,1.0,20.0
1.4296,0.06337179505346648,1.0,20.0
1.4304000000000001,0.06337532912535251,1.0,20.0
1.4312,0.06337859804388746,1.0,20.0
1.432,0.06338160138443943,1.0,20.0
1.4328,0.06338433874827322,1.0,20.0
1.4336,0.06338680976272984,1.0,20.0
1.4344000000000001,0.0633890140814012,1.0,20.0
1.4352,0.06339095138430156,1.0,20.0
1.436,0.06339262137803317,1.0,20.0
1.4368,0.06339402379594812,1.0,20.0
1.4376,0.06339515839830638,1.0,20.0
1.4384000000000001,0.06339602497242754,1.0,20.0
1.4392,0.06339662333283975,1.0,20.0
1.44,0.06339695332142238,1.0,20.0
1.4408,0.06339701480754532,1.0,20.0
1.4416,0.06339680768820202,1.0,20.0
1.4424000000000001,0.06339633188813905,1.0,20.0
1.4432,0.0633955873599799,1.0,20.0
1.444,0.0633945740843435,1.0,20.0
1.4448,0.06339329206995938,1.0,20.0
1.4456,0.06339174135377501,1.0,20.0
1.4464000000000001,0.06338992200106072,1.0,20.0
1.4472,0.06338783410550768,1.0,20.0
1.448,0.06338547778932138,1.0,20.0
1.4488,0.06338285320330977,1.0,20.0
1.4496,0.06337996052696536,1.0,20.0
1.4504000000000001,0.063376799968543,1.0,20.0
1.4512,0.06337337176513166,1.0,20.0
1.452,0.06336967618272048,1.0,20.0
1.4528,0.06336571351625984,1.0,20.0
1.4536,0.06336148408971644,1.0,20.0
1.4544000000000001,0.06335698825612275,1.0,20.0
1.4552,0.06335222639762145,1.0,20.0
1.456,0.06334719892550324,1.0,20.0
1.4568,0.0633419062802393,1.0,20.0
1.4576,0.06333634893150812,1.0,20.0
1.4584000000000001,0.06333052737821644,1.0,20.0
1.4592,0.06332444214851443,1.0,20.0
1.46,0.06331809379980402,1.0,20.0
1.4608,0.06331148291874315,1.0,20.0
1.4616,0.06330461012124201,1.0,20.0
1.4624000000000001,0.06329747605245507,1.0,20.0
1.4632,0.06329008138676555,1.0,20.0
1.464,0.06328242682776512,1.0,20.0
1.4648,0.06327451310822607,1.0,20.0
1.4656,0.06326634099006935,1.0,20.0
1.4664000000000001,0.06325791126432417,1.0,20.0
1.4672,0.0632492247510833,1.0,20.0
1.468,0.0633097810836007,1.0,20.0
1.4688,0.06351890204457243,1.0,20.0
1.4696,0.06372773761477463,1.0,20.0
1.4704000000000002,0.06393628520609704,1.0,20.0
1.4712,0.06414454226334337,1.0,20.0
1.472,0.06435250626483267,1.0,20.0
1.4727999999999999,0.06456017472301469,1.0,20.0
1.4736,0.0647675451850945,1.0,20.0
1.4744000000000002,0.064974615233673,1.0,20.0
1.4752,0.06518138248739203,1.0,20.0
1.476,0.06538784460159498,1.0,20.0
1.4768,0.06559399926899699,1.0,20.0
1.4776,0.06579984422036071,1.0,20.0
1.4784000000000002,0.06600537722518546,1.0,20.0
1.4792,0.06621059609240129,1.0,20.0
1.48,0.06641549867107577,1.0,20.0
1.4808,0.06662008285112354,1.0,20.0
1.4816,0.06682434656402512,1.0,20.0
1.4824,0.06702828778355518,1.0,20.0
1.4832,0.06723190452651241,1.0,20.0
1.484,0.06743519485345739,1.0,20.0
1.4848,0.06763815686945922,1.0,20.0
1.4856,0.06784078872484081,1.0,20.0
1.4864,0.06804308861593467,1.0,20.0
1.4872,0.0682450547858384,1.0,20.0
1.488,0.06844668552517952,1.0,20.0
1.4888,0.06864797917287696,1.0,20.0
1.4896,0.06884893411691204,1.0,20.0
1.4904,0.06904954879509596,1.0,20.0
1.4912,0.06924982169584588,1.0,20.0
1.492,0.06944975135895763,1.0,20.0
1.4928,0.06964933637638168,1.0,20.0
1.4936,0.06984857539300111,1.0,20.0
1.4944,0.07004746710740926,1.0,20.0
1.4952,0.07024601027268608,1.0,20.0
1.496,0.07044420369717794,1.0,20.0
1.4968,0.07064204624527275,1.0,20.0
1.4976,0.07083953683817931,1.0,20.0
1.4984,0.07103667445469691,1.0,20.0
1.4992,0.07123345813199337,1.0,20.0
1.5,0.07142988696637376,1.0,20.0
1.5008,0.07162596011404863,1.0,20.0
1.5016,0.0718216767919009,1.0,20.0
1.5024000000000002,0.07201703627824609,1.0,20.0
1.5032,0.07221203791359375,1.0,20.0
1.504,0.07240668110139885,1.0,20.0
1.5048,0.07260096530881462,1.0,20.0
1.5056,0.07279489006743635,1.0,20.0
1.5064000000000002,0.07298845497404241,1.0,20.0
1.5072,0.07318165969132769,1.0,20.0
1.508,0.07337450394863375,1.0,20.0
1.5088,0.07356698754267033,1.0,20.0
1.5096,0.07375911033823096,1.0,20.0
1.5104000000000002,0.07395087226890255,1.0,20.0
1.5112,0.07414227333776419,1.0,20.0
1.512,0.07433331361808361,1.0,20.0
1.5128,0.07452399325399957,1.0,20.0
1.5136,0.0747143124611998,1.0,20.0
1.5144000000000002,0.074904271527588,1.0,20.0
1.5152,0.07509387081394238,1.0,20.0
1.516,0.07528311075456325,1.0,20.0
1.5168,0.07547199185791197,1.0,20.0
1.5176,0.07566051470723927,1.0,20.0
1.5184,0.07584867996120045,1.0,20.0
1.5192,0.07603648835446268,1.0,20.0
1.52,0.07622394069829805,1.0,20.0
1.5208,0.07641103788116592,1.0,20.0
1.5216,0.07659778086928175,1.0,20.0
1.5224,0.07678417070717389,1.0,20.0
1.5232,0.07697020851822825,1.0,20.0
1.524,0.07715589550521611,1.0,20.0
1.5248,0.077341232950812,1.0,20.0
1.5256,0.07752622221809238,1.0,20.0
1.5264,0.07771086475102489,1.0,20.0
1.5272000000000001,0.0778951620749377,1.0,20.0
1.528,0.07807911579697699,1.0,20.0
1.5288,0.07826272760654496,1.0,20.0
1.5296,0.07844599927572456,1.0,20.0
1.5304,0.07862893265968454,1.0,20.0
1.5312000000000001,0.07881152969707159,1.0,20.0
1.532,0.07899379241037713,1.0,20.0
1.5328,0.07917572290629589,1.0,20.0
1.5336,0.07935732337605783,1.0,20.0
1.5344,0.07953859609574544,1.0,20.0
1.5352000000000001,0.07971954342659043,1.0,20.0
1.536,0.07990016781525064,1.0,20.0
1.5368,0.08008047179406852,1.0,20.0
1.5376,0.08026045798130502,1.0,20.0
1.5384,0.08044012908135717,1.0,20.0
1.5392000000000001,0.0806194878849516,1.0,20.0
1.54,0.08079853726931602,1.0,20.0
1.5408,0.08097728019833007,1.0,20.0
1.5416,0.08115571972265104,1.0,20.0
1.5424,0.08133385897981964,1.0,20.0
1.5432000000000001,0.08151170119434002,1.0,20.0
1.544,0.08168924967773415,1.0,20.0
1.5448,0.08186650782857716,1.0,20.0
1.5455999999999999,0.08204347913250168,1.0,20.0
1.5464,0.08222016716218014,1.0,20.0
1.5472000000000001,0.08239657557728167,1.0,20.0
1.548,0.0825727081244005,1.0,20.0
1.5488,0.08274856863695917,1.0,20.0
1.5495999999999999,0.0829241610350858,1.0,20.0
1.5504,0.08309948932546078,1.0,20.0
1.5512000000000001,0.08327455760113674,1.0,20.0
1.552,0.08344937004133317,1.0,20.0
1.5528,0.08362393091119573,1.0,20.0
1.5535999999999999,0.08379824456153295,1.0,20.0
1.5544,0.08397231542851805,1.0,20.0
1.5552000000000001,0.08414614803336416,1.0,20.0
1.556,0.08431974698196612,1.0,20.0
1.5568,0.0844931169645122,1.0,20.0
1.5575999999999999,0.08466626275506584,1.0,20.0
1.5584,0.08483918921111396,1.0,20.0
1.5592000000000001,0.08501190127307992,1.0,20.0
1.56,0.08518440396381068,1.0,20.0
1.5608,0.0853567023880252,1.0,20.0
1.5615999999999999,0.08552880173172867,1.0,20.0
1.5624,0.08570070726159769,1.0,20.0
1.5632000000000001,0.08587242432432561,1.0,20.0
1.564,0.08604395834593634,1.0,20.0
1.5648,0.08621531483106097,1.0,20.0
1.5655999999999999,0.08638649936217846,1.0,20.0
1.5664,0.08655751759882427,1.0,20.0
1.5672000000000001,0.08672837527675437,1.0,20.0
1.568,0.08689907820708113,1.0,20.0
1.5688,0.08706963227536493,1.0,20.0
1.5695999999999999,0.08724004344067429,1.0,20.0
1.5704,0.08741031773460121,1.0,20.0
1.5712000000000002,0.08758046126024426,1.0,20.0
1.572,0.0877504801911492,1.0,20.0
1.5728,0.08792038077021087,1.0,20.0
1.5735999999999999,0.0880901693085385,1.0,20.0
1.5744,0.08825985218427698,1.0,20.0
1.5752000000000002,0.08842943584139211,1.0,20.0
1.576,0.08859892678841287,1.0,20.0
1.5768,0.08876833159713282,1.0,20.0
1.5776,0.08893765690127506,1.0,20.0
1.5784,0.08910690939510953,1.0,20.0
1.5792000000000002,0.08927609583203379,1.0,20.0
1.58,0.08944522302311024,1.0,20.0
1.5808,0.08961429783556177,1.0,20.0
1.5816,0.08978332719122627,1.0,20.0
1.5824,0.08995231806496745,1.0,20.0
1.5832000000000002,0.09012127748304462,1.0,20.0
1.584,0.09029021252143904,1.0,20.0
1.5848,0.09045913030413849,1.0,20.0
1.5856,0.0906280380013782,1.0,20.0
1.5864,0.09079694282784156,1.0,20.0
1.5872000000000002,0.09096585204081226,1.0,20.0
1.588,0.09113477293829127,1.0,20.0
1.5888,0.09130371285706415,1.0,20.0
1.5896,0.09147267917072967,1.0,20.0
1.5904,0.09164167928768335,1.0,20.0
1.5912000000000002,0.0918107206490585,1.0,20.0
1.592,0.09197981072662616,1.0,20.0
1.5928,0.09214895702065028,1.0,20.0
1.5936,0.09231816705770243,1.0,20.0
1.5944,0.09248744838843141,1.0,20.0
1.5952000000000002,0.09265680858529202,1.0,20.0
1.596,0.09282625524023567,1.0,20.0
1.5968,0.09299579596235179,1.0,20.0
1.5976,0.09316543837547506,1.0,20.0
1.5984,0.09333519011574545,1.0,20.0
1.5992000000000002,0.09350505882913333,1.0,20.0
1.6,0.09367505216891969,1.0,20.0
1.6008,0.09384517779313893,1.0,20.0
1.6016,0.09401544336198148,1.0,20.0
1.6024,0.0941858565351566,1.0,20.0
1.6032000000000002,0.09435642496921803,1.0,20.0
1.604,0.09452715631485109,1.0,20.0
1.6048,0.09469805821412272,1.0,20.0
1.6056,0.09486913829769467,1.0,20.0
1.6064,0.09504040418200031,1.0,20.0
1.6072000000000002,0.09521186346638759,1.0,20.0
1.608,0.09538352373022543,1.0,20.0
1.6088,0.09555539252997894,1.0,20.0
1.6096,0.09572747739624854,1.0,20.0
1.6104,0.09589978583078118,1.0,20.0
1.6112000000000002,0.09607232530344581,1.0,20.0
1.612,0.096245103249185,1.0,20.0
1.6128,0.09641812706493032,1.0,20.0
1.6136,0.0965914041064968,1.0,20.0
1.6144,0.09676494168544365,1.0,20.0
1.6152000000000002,0.09693874706591638,1.0,20.0
1.616,0.09711282746145955,1.0,20.0
1.6168,0.09728719003180873,1.0,20.0
1.6176,0.09746184187965894,1.0,20.0
1.6184,0.09763679004741431,1.0,20.0
1.6192000000000002,0.09781204151391895,1.0,20.0
1.62,0.09798760319116794,1.0,20.0
1.6208,0.09816348192100433,1.0,20.0
1.6216,0.09833968447180183,1.0,20.0
1.6224,0.09851621753513369,1.0,20.0
1.6232,0.09869308772242992,1.0,20.0
1.624,0.09887030156162765,1.0,20.0
1.6248,0.09904786549381243,1.0,20.0
1.6256,0.09922578586985063,1.0,20.0
1.6264,0.0994040689470259,1.0,20.0
1.6272,0.09958272088566401,1.0,20.0
1.6280000000000001,0.09976174774576697,1.0,20.0
1.6288,0.0999411554836419,1.0,20.0
1.6296,0.10012094994853993,1.0,20.0
1.6304,0.10030113687929838,1.0,20.0
1.6312,0.100481721900991,1.0,20.0
1.6320000000000001,0.10066271052159391,1.0,20.0
1.6328,0.10084410812865757,1.0,20.0
1.6336,0.10102591998600383,1.0,20.0
1.6344,0.10120815123043256,1.0,20.0
1.6352,0.10139080686845388,1.0,20.0
1.6360000000000001,0.10157389177304298,1.0,20.0
1.6368,0.10175741068042156,1.0,20.0
1.6376,0.10194136818686492,1.0,20.0
1.6384,0.10212576874554484,1.0,20.0
1.6392,0.10231061666340395,1.0,20.0
1.6400000000000001,0.10249591609806849,1.0,20.0
1.6408,0.10268167105480092,1.0,20.0
1.6416,0.10286788538349367,1.0,20.0
1.6424,0.10305456277571426,1.0,20.0
1.6432,0.10324170676179285,1.0,20.0
1.6440000000000001,0.10342932070796836,1.0,20.0
1.6448,0.10361740781358487,1.0,20.0
1.6456,0.10380597110835231,1.0,20.0
1.6464,0.10399501344966473,1.0,20.0
1.6472,0.10418453751998699,1.0,20.0
1.6480000000000001,0.10437454582430829,1.0,20.0
1.6488,0.10456504068767074,1.0,20.0
1.6496,0.10475602425277344,1.0,20.0
